Data;Godzina;Stan licznika;Stacja;Numer rejestracyjny;Nazwa towaru;Vat procent;Cena netto;Cena brutto;Ilość paliwa;Netto;Vat;Brutto
27.02.2024;00:00:33;608885;Stacja Paliw XYZ;AA123;OLEJ NAPĘDOWY ;23;5,13;6,31;129,14;662,5;152,37;814,87
27.02.2024;00:01:21;583426;Stacja Paliw XYZ;BB456;OLEJ NAPĘDOWY ;23;5,13;6,31;127,45;653,83;150,38;804,21
27.02.2024;10:55:58;1;Stacja Paliw XYZ;CC789;OLEJ NAPĘDOWY ;23;5,13;6,31;20;102,6;23,6;126,2
27.02.2024;15:24:56;635733;Stacja Paliw XYZ;EE258;OLEJ NAPĘDOWY ;23;5,13;6,31;16,02;82,19;18,9;101,09
27.02.2024;15:25:46;609032;Stacja Paliw XYZ;AA123;OLEJ NAPĘDOWY ;23;5,13;6,31;50,74;260,3;59,87;320,17
27.02.2024;15:26:36;534726;Stacja Paliw XYZ;DD147;OLEJ NAPĘDOWY ;23;5,13;6,31;48,01;246,29;56,65;302,94
27.02.2024;15:30:47;522208;Stacja Paliw XYZ;FF369;OLEJ NAPĘDOWY ;23;5,13;6,31;25,48;130,72;30,06;160,78
27.02.2024;15:35:16;558976;Stacja Paliw XYZ;GG963;OLEJ NAPĘDOWY ;23;5,13;6,31;35,39;181,55;41,76;223,31
27.02.2024;15:53:18;473575;Stacja Paliw XYZ;HH852;OLEJ NAPĘDOWY ;23;5,13;6,31;54,86;281,44;64,73;346,17
27.02.2024;16:14:01;540578;Stacja Paliw XYZ;II741;OLEJ NAPĘDOWY ;23;5,13;6,31;69,48;356,44;81,98;438,42
27.02.2024;16:14:48;521715;Stacja Paliw XYZ;JJ159;OLEJ NAPĘDOWY ;23;5,13;6,31;59,67;306,11;70,41;376,52
27.02.2024;16:15:46;608285;Stacja Paliw XYZ;KK357;OLEJ NAPĘDOWY ;23;5,13;6,31;81,66;418,92;96,35;515,27
27.02.2024;16:16:35;471683;Stacja Paliw XYZ;MM549;OLEJ NAPĘDOWY ;23;5,13;6,31;91,66;470,22;108,15;578,37
27.02.2024;16:46:49;474725;Stacja Paliw XYZ;LL184;OLEJ NAPĘDOWY ;23;5,13;6,31;66,98;343,61;79,03;422,64
27.02.2024;17:08:39;520355;Stacja Paliw XYZ;NN549;OLEJ NAPĘDOWY ;23;5,13;6,31;53,74;275,69;63,41;339,1
27.02.2024;17:42:29;404512;Stacja Paliw XYZ;OO549;OLEJ NAPĘDOWY ;23;5,13;6,31;92,8;476,07;109,5;585,57
27.02.2024;17:43:25;391646;Stacja Paliw XYZ;PP549;OLEJ NAPĘDOWY ;23;5,13;6,31;106,51;546,41;125,67;672,08
27.02.2024;17:44:28;570429;Stacja Paliw XYZ;UU254;OLEJ NAPĘDOWY ;23;5,13;6,31;98,87;507,21;116,66;623,87
27.02.2024;17:45:18;554169;Stacja Paliw XYZ;WW249;OLEJ NAPĘDOWY ;23;5,13;6,31;76,95;394,76;90,79;485,55
27.02.2024;17:46:04;573293;Stacja Paliw XYZ;RR549;OLEJ NAPĘDOWY ;23;5,13;6,31;71,92;368,96;84,86;453,82
27.02.2024;18:10:01;502812;Stacja Paliw XYZ;SS846;OLEJ NAPĘDOWY ;23;5,13;6,31;80,87;414,87;95,42;510,29
27.02.2024;18:47:32;505214;Stacja Paliw XYZ;TT549;OLEJ NAPĘDOWY ;23;5,13;6,31;65,8;337,56;77,64;415,2
27.02.2024;18:54:07;508965;Stacja Paliw XYZ;ZZ729;OLEJ NAPĘDOWY ;23;5,13;6,31;89,64;459,86;105,77;565,63
27.02.2024;19:13:59;556342;Stacja Paliw XYZ;AB111;OLEJ NAPĘDOWY ;23;5,13;6,31;96,38;494,44;113,72;608,16
27.02.2024;19:14:47;548564;Stacja Paliw XYZ;EF555;OLEJ NAPĘDOWY ;23;5,13;6,31;84,32;432,57;99,49;532,06
27.02.2024;22:31:31;441480;Stacja Paliw XYZ;ABCD1;OLEJ NAPĘDOWY ;23;5,13;6,31;42,15;216,24;49,73;265,97
27.02.2024;22:40:57;605389;Stacja Paliw XYZ;XYZ991;OLEJ NAPĘDOWY ;23;5,13;6,31;113,8;583,8;134,28;718,08
27.02.2024;23:03:57;448038;Stacja Paliw XYZ;CD222;OLEJ NAPĘDOWY ;23;5,13;6,31;103,75;532,24;122,42;654,66
27.02.2024;23:04:43;559018;Stacja Paliw XYZ;GH666;OLEJ NAPĘDOWY ;23;5,13;6,31;127,32;653,16;150,23;803,39
27.02.2024;23:05:28;552348;Stacja Paliw XYZ;IJ777;OLEJ NAPĘDOWY ;23;5,13;6,31;107,79;552,97;127,18;680,15
27.02.2024;23:10:45;374630;Stacja Paliw XYZ;MN101;OLEJ NAPĘDOWY ;23;5,13;6,31;115,15;590,73;135,87;726,6
27.02.2024;23:20:43;605389;Stacja Paliw XYZ;OP226;OLEJ NAPĘDOWY ;23;5,13;6,31;139,89;717,65;165,06;882,71
27.02.2024;23:39:31;530648;Stacja Paliw XYZ;KL888;OLEJ NAPĘDOWY ;23;5,13;6,31;102,93;528,04;121,45;649,49
27.02.2024;23:40:18;583804;Stacja Paliw XYZ;BB456;OLEJ NAPĘDOWY ;23;5,13;6,31;116,42;597,24;137,37;734,61
27.02.2024;23:41:05;529986;Stacja Paliw XYZ;WZ9999;OLEJ NAPĘDOWY ;23;5,13;6,31;120,64;618,89;142,35;761,24
27.02.2024;23:41:52;609198;Stacja Paliw XYZ;AA123;OLEJ NAPĘDOWY ;23;5,13;6,31;48,84;250,55;57,63;308,18
28.02.2024;00:00:03;544374;Stacja Paliw XYZ;RS4455;OLEJ NAPĘDOWY ;23;5,13;6,31;128,05;656,91;151,09;808
28.02.2024;00:00:47;565545;Stacja Paliw XYZ;TU551;OLEJ NAPĘDOWY ;23;5,13;6,31;126;646,39;148,67;795,06
28.02.2024;15:10:33;635776;Stacja Paliw XYZ;EE258;OLEJ NAPĘDOWY ;23;5,13;6,31;18,01;92,39;21,25;113,64
28.02.2024;15:25:02;374828;Stacja Paliw XYZ;MN101;OLEJ NAPĘDOWY ;23;5,13;6,31;54,61;280,15;64,44;344,59
28.02.2024;15:35:58;559089;Stacja Paliw XYZ;GG963;OLEJ NAPĘDOWY ;23;5,13;6,31;43,2;221,62;50,97;272,59
28.02.2024;15:36:42;522277;Stacja Paliw XYZ;FF369;OLEJ NAPĘDOWY ;23;5,13;6,31;26,09;133,85;30,78;164,63
28.02.2024;15:53:14;605484;Stacja Paliw XYZ;XYZ991;OLEJ NAPĘDOWY ;23;5,13;6,31;33,3;170,83;39,29;210,12
28.02.2024;16:04:43;540804;Stacja Paliw XYZ;II741;OLEJ NAPĘDOWY ;23;5,13;6,31;71,05;364,5;83,83;448,33
28.02.2024;16:05:30;521926;Stacja Paliw XYZ;JJ159;OLEJ NAPĘDOWY ;23;5,13;6,31;60,67;311,24;71,59;382,83
28.02.2024;16:19:08;584029;Stacja Paliw XYZ;BB456;OLEJ NAPĘDOWY ;23;5,13;6,31;74,2;380,65;87,55;468,2
28.02.2024;16:36:41;471968;Stacja Paliw XYZ;MM549;OLEJ NAPĘDOWY ;23;5,13;6,31;95,61;490,49;112,81;603,3
28.02.2024;16:45:31;473826;Stacja Paliw XYZ;HH852;OLEJ NAPĘDOWY ;23;5,13;6,31;77,35;396,81;91,27;488,08
28.02.2024;17:03:33;520522;Stacja Paliw XYZ;NN549;OLEJ NAPĘDOWY ;23;5,13;6,31;51,49;264,15;60,75;324,9
28.02.2024;17:42:19;404794;Stacja Paliw XYZ;OO549;OLEJ NAPĘDOWY ;23;5,13;6,31;91,56;469,71;108,03;577,74
28.02.2024;17:44:10;448309;Stacja Paliw XYZ;CD222;OLEJ NAPĘDOWY ;23;5,13;6,31;94,23;483,41;111,18;594,59
28.02.2024;17:45:21;544745;Stacja Paliw XYZ;RS4455;OLEJ NAPĘDOWY ;23;5,13;6,31;85,66;439,44;101,07;540,51
28.02.2024;17:46:14;554440;Stacja Paliw XYZ;WW249;OLEJ NAPĘDOWY ;23;5,13;6,31;77,42;397,17;91,35;488,52
28.02.2024;17:46:56;573529;Stacja Paliw XYZ;RR549;OLEJ NAPĘDOWY ;23;5,13;6,31;76,83;394,15;90,65;484,8
28.02.2024;18:12:15;503065;Stacja Paliw XYZ;SS846;OLEJ NAPĘDOWY ;23;5,13;6,31;77,31;396,61;91,22;487,83
28.02.2024;18:46:42;505445;Stacja Paliw XYZ;TT549;OLEJ NAPĘDOWY ;23;5,13;6,31;67,95;348,59;80,17;428,76
28.02.2024;18:56:21;509205;Stacja Paliw XYZ;ZZ729;OLEJ NAPĘDOWY ;23;5,13;6,31;89,94;461,4;106,12;567,52
28.02.2024;19:14:37;556628;Stacja Paliw XYZ;AB111;OLEJ NAPĘDOWY ;23;5,13;6,31;97,1;498,13;114,57;612,7
28.02.2024;19:15:21;548818;Stacja Paliw XYZ;EF555;OLEJ NAPĘDOWY ;23;5,13;6,31;87,12;446,93;102,8;549,73
28.02.2024;22:44:41;608628;Stacja Paliw XYZ;KK357;OLEJ NAPĘDOWY ;23;5,13;6,31;118,11;605,91;139,36;745,27
28.02.2024;23:06:56;560820;Stacja Paliw XYZ;UU254;OLEJ NAPĘDOWY ;23;5,13;6,31;128,71;660,29;151,87;812,16
28.02.2024;23:07:47;559392;Stacja Paliw XYZ;GH666;OLEJ NAPĘDOWY ;23;5,13;6,31;129,95;666,65;153,33;819,98
28.02.2024;23:08:36;552711;Stacja Paliw XYZ;IJ777;OLEJ NAPĘDOWY ;23;5,13;6,31;112,01;574,62;132,16;706,78
28.02.2024;23:09:23;475119;Stacja Paliw XYZ;LL184;OLEJ NAPĘDOWY ;23;5,13;6,31;123,87;635,46;146,16;781,62
28.02.2024;23:20:56;535159;Stacja Paliw XYZ;DD147;OLEJ NAPĘDOWY ;23;5,13;6,31;139,11;713,64;164,14;877,78
28.02.2024;23:38:05;530943;Stacja Paliw XYZ;KL888;OLEJ NAPĘDOWY ;23;5,13;6,31;103,09;528,86;121,64;650,5
28.02.2024;23:38:52;502861;Stacja Paliw XYZ;OP226;OLEJ NAPĘDOWY ;23;5,13;6,31;138,98;712,98;163,98;876,96
28.02.2024;23:39:39;530370;Stacja Paliw XYZ;WZ9999;OLEJ NAPĘDOWY ;23;5,13;6,31;120,75;619,46;142,47;761,93
28.02.2024;23:40:24;605647;Stacja Paliw XYZ;XYZ991;OLEJ NAPĘDOWY ;23;5,13;6,31;48,3;247,78;56,99;304,77
29.02.2024;00:00:35;609623;Stacja Paliw XYZ;AA123;OLEJ NAPĘDOWY ;23;5,13;6,31;135,23;693,74;159,56;853,3
29.02.2024;00:01:24;565971;Stacja Paliw XYZ;TU551;OLEJ NAPĘDOWY ;23;5,13;6,31;127,19;652,5;150,07;802,57
29.02.2024;15:15:17;560829;Stacja Paliw XYZ;UU254;OLEJ NAPĘDOWY ;23;5,11;6,29;9,13;46,69;10,74;57,43
29.02.2024;15:16:03;635803;Stacja Paliw XYZ;EE258;OLEJ NAPĘDOWY ;23;5,11;6,29;14,17;72,46;16,67;89,13
29.02.2024;15:23:38;375041;Stacja Paliw XYZ;MN101;OLEJ NAPĘDOWY ;23;5,11;6,29;56,77;290,31;66,77;357,08
29.02.2024;15:35:47;559201;Stacja Paliw XYZ;GG963;OLEJ NAPĘDOWY ;23;5,11;6,29;31,2;159,55;36,7;196,25
29.02.2024;15:36:40;522358;Stacja Paliw XYZ;FF369;OLEJ NAPĘDOWY ;23;5,11;6,29;22,91;117,15;26,95;144,1
29.02.2024;16:14:35;541033;Stacja Paliw XYZ;II741;OLEJ NAPĘDOWY ;23;5,11;6,29;69,98;357,86;82,31;440,17
29.02.2024;16:15:25;554680;Stacja Paliw XYZ;WW249;OLEJ NAPĘDOWY ;23;5,11;6,29;66,99;342,58;78,79;421,37
29.02.2024;16:16:31;584259;Stacja Paliw XYZ;BB456;OLEJ NAPĘDOWY ;23;5,11;6,29;78,88;403,38;92,78;496,16
29.02.2024;16:46:42;475342;Stacja Paliw XYZ;LL184;OLEJ NAPĘDOWY ;23;5,11;6,29;69,57;355,77;81,83;437,6
29.02.2024;17:05:18;520691;Stacja Paliw XYZ;NN549;OLEJ NAPĘDOWY ;23;5,11;6,29;48,53;248,17;57,08;305,25
29.02.2024;17:59:40;405074;Stacja Paliw XYZ;OO549;OLEJ NAPĘDOWY ;23;5,11;6,29;87,54;447,67;102,96;550,63
29.02.2024;18:00:30;448578;Stacja Paliw XYZ;CD222;OLEJ NAPĘDOWY ;23;5,11;6,29;92,67;473,89;109;582,89
29.02.2024;18:01:25;544927;Stacja Paliw XYZ;RS4455;OLEJ NAPĘDOWY ;23;5,11;6,29;91,31;466,94;107,4;574,34
29.02.2024;18:02:16;522186;Stacja Paliw XYZ;JJ159;OLEJ NAPĘDOWY ;23;5,11;6,29;76,3;390,19;89,74;479,93
29.02.2024;18:03:18;573764;Stacja Paliw XYZ;RR549;OLEJ NAPĘDOWY ;23;5,11;6,29;71,45;365,38;84,04;449,42
29.02.2024;18:10:02;503319;Stacja Paliw XYZ;SS846;OLEJ NAPĘDOWY ;23;5,11;6,29;75,37;385,43;88,65;474,08
29.02.2024;18:49:40;505676;Stacja Paliw XYZ;TT549;OLEJ NAPĘDOWY ;23;5,11;6,29;64,01;327,33;75,29;402,62
29.02.2024;19:00:42;509458;Stacja Paliw XYZ;ZZ729;OLEJ NAPĘDOWY ;23;5,11;6,29;90,1;460,76;105,97;566,73
29.02.2024;19:17:33;556915;Stacja Paliw XYZ;AB111;OLEJ NAPĘDOWY ;23;5,11;6,29;93,79;479,63;110,31;589,94
29.02.2024;19:19:09;391905;Stacja Paliw XYZ;PP549;OLEJ NAPĘDOWY ;23;5,11;6,29;85,04;434,88;100,02;534,9
29.02.2024;22:39:57;566312;Stacja Paliw XYZ;TU551;OLEJ NAPĘDOWY ;23;5,11;6,29;115,66;591,46;136,04;727,5
29.02.2024;23:01:41;549211;Stacja Paliw XYZ;EF555;OLEJ NAPĘDOWY ;23;5,11;6,29;131,29;671,39;154,42;825,81
29.02.2024;23:02:27;503236;Stacja Paliw XYZ;OP226;OLEJ NAPĘDOWY ;23;5,11;6,29;124;634,11;145,85;779,96
29.02.2024;23:03:14;553073;Stacja Paliw XYZ;IJ777;OLEJ NAPĘDOWY ;23;5,11;6,29;104,69;535,37;123,13;658,5
29.02.2024;23:10:27;608986;Stacja Paliw XYZ;KK357;OLEJ NAPĘDOWY ;23;5,11;6,29;110,7;566,1;130,2;696,3
29.02.2024;23:19:50;606083;Stacja Paliw XYZ;XYZ991;OLEJ NAPĘDOWY ;23;5,11;6,29;145,7;745,08;171,37;916,45
29.02.2024;23:36:58;472396;Stacja Paliw XYZ;MM549;OLEJ NAPĘDOWY ;23;5,11;6,29;141,3;722,59;166,19;888,78
29.02.2024;23:37:46;531247;Stacja Paliw XYZ;KL888;OLEJ NAPĘDOWY ;23;5,11;6,29;104,18;532,76;122,53;655,29
29.02.2024;23:38:31;535535;Stacja Paliw XYZ;DD147;OLEJ NAPĘDOWY ;23;5,11;6,29;114,97;587,93;135,23;723,16
29.02.2024;23:39:15;530762;Stacja Paliw XYZ;WZ9999;OLEJ NAPĘDOWY ;23;5,11;6,29;116,82;597,4;137,4;734,8
01.03.2024;00:02:12;610047;Stacja Paliw XYZ;AA123;OLEJ NAPĘDOWY ;23;5,11;6,29;141,01;721,1;165,85;886,95
01.03.2024;00:02:58;559819;Stacja Paliw XYZ;GH666;OLEJ NAPĘDOWY ;23;5,11;6,29;135,65;693,69;159,55;853,24
01.03.2024;15:05:17;635830;Stacja Paliw XYZ;EE258;OLEJ NAPĘDOWY ;23;5,1;6,27;17,55;89,46;20,58;110,04
01.03.2024;15:24:37;375239;Stacja Paliw XYZ;MN101;OLEJ NAPĘDOWY ;23;5,1;6,27;50,71;258,5;59,45;317,95
01.03.2024;15:33:30;522424;Stacja Paliw XYZ;GG963;OLEJ NAPĘDOWY ;23;5,1;6,27;36,46;185,85;42,75;228,6
01.03.2024;15:34:36;522424;Stacja Paliw XYZ;FF369;OLEJ NAPĘDOWY ;23;5,1;6,27;22,23;113,32;26,06;139,38
01.03.2024;15:51:57;557041;Stacja Paliw XYZ;AB111;OLEJ NAPĘDOWY ;23;5,1;6,27;42,7;217,67;50,06;267,73
01.03.2024;16:07:11;541259;Stacja Paliw XYZ;II741;OLEJ NAPĘDOWY ;23;5,1;6,27;68,13;347,3;79,88;427,18
01.03.2024;16:08:07;560036;Stacja Paliw XYZ;GH666;OLEJ NAPĘDOWY ;23;5,1;6,27;65,16;332,15;76,4;408,55
01.03.2024;16:15:32;503465;Stacja Paliw XYZ;OP226;OLEJ NAPĘDOWY ;23;5,1;6,27;84,52;430,85;99,09;529,94
01.03.2024;16:46:41;475549;Stacja Paliw XYZ;LL184;OLEJ NAPĘDOWY ;23;5,1;6,27;75,31;383,89;88,3;472,19
01.03.2024;17:10:51;472575;Stacja Paliw XYZ;MM549;OLEJ NAPĘDOWY ;23;5,1;6,27;52,17;265,94;61,17;327,11
01.03.2024;17:38:22;405356;Stacja Paliw XYZ;OO549;OLEJ NAPĘDOWY ;23;5,1;6,27;91,76;467,76;107,58;575,34
01.03.2024;17:39:18;448842;Stacja Paliw XYZ;CD222;OLEJ NAPĘDOWY ;23;5,1;6,27;88,72;452,25;104,02;556,27
01.03.2024;17:40:06;553353;Stacja Paliw XYZ;IJ777;OLEJ NAPĘDOWY ;23;5,1;6,27;86,24;439,61;101,11;540,72
01.03.2024;17:48:33;554950;Stacja Paliw XYZ;WW249;OLEJ NAPĘDOWY ;23;5,1;6,27;73,42;374,26;86,08;460,34
01.03.2024;17:49:29;574013;Stacja Paliw XYZ;RR549;OLEJ NAPĘDOWY ;23;5,1;6,27;72,12;367,63;84,56;452,19
01.03.2024;18:14:15;566572;Stacja Paliw XYZ;TU551;OLEJ NAPĘDOWY ;23;5,1;6,27;77,43;394,71;90,78;485,49
01.03.2024;18:48:37;505909;Stacja Paliw XYZ;TT549;OLEJ NAPĘDOWY ;23;5,1;6,27;62,84;320,33;73,68;394,01
01.03.2024;18:58:59;509698;Stacja Paliw XYZ;ZZ729;OLEJ NAPĘDOWY ;23;5,1;6,27;86,58;441,35;101,51;542,86
01.03.2024;19:17:26;549498;Stacja Paliw XYZ;EF555;OLEJ NAPĘDOWY ;23;5,1;6,27;97,06;494,77;113,8;608,57
01.03.2024;19:18:11;606405;Stacja Paliw XYZ;XYZ991;OLEJ NAPĘDOWY ;23;5,1;6,27;105,92;539,93;124,19;664,12
01.03.2024;22:43:42;531104;Stacja Paliw XYZ;WZ9999;OLEJ NAPĘDOWY ;23;5,1;6,27;114,16;581,93;133,85;715,78
01.03.2024;23:02:29;474389;Stacja Paliw XYZ;HH852;OLEJ NAPĘDOWY ;23;5,1;6,27;112,49;573,42;131,89;705,31
01.03.2024;23:04:12;561219;Stacja Paliw XYZ;UU254;OLEJ NAPĘDOWY ;23;5,1;6,27;126,76;646,17;148,62;794,79
01.03.2024;23:04:58;543290;Stacja Paliw XYZ;RS4455;OLEJ NAPĘDOWY ;23;5,1;6,27;114;581,12;133,66;714,78
01.03.2024;23:09:34;535896;Stacja Paliw XYZ;DD147;OLEJ NAPĘDOWY ;23;5,1;6,27;110,28;562,16;129,3;691,46
01.03.2024;23:19:44;503754;Stacja Paliw XYZ;SS846;OLEJ NAPĘDOWY ;23;5,1;6,27;133,27;679,35;156,25;835,6
01.03.2024;23:38:48;521120;Stacja Paliw XYZ;NN549;OLEJ NAPĘDOWY ;23;5,1;6,27;131,52;670,43;154,2;824,63
01.03.2024;23:39:33;531555;Stacja Paliw XYZ;KL888;OLEJ NAPĘDOWY ;23;5,1;6,27;103,76;528,93;121,65;650,58
01.03.2024;23:40:20;584629;Stacja Paliw XYZ;BB456;OLEJ NAPĘDOWY ;23;5,1;6,27;120,85;616,04;141,69;757,73
01.03.2024;23:41:04;609382;Stacja Paliw XYZ;KK357;OLEJ NAPĘDOWY ;23;5,1;6,27;122,56;624,76;143,69;768,45
02.03.2024;00:00:52;522610;Stacja Paliw XYZ;JJ159;OLEJ NAPĘDOWY ;23;5,1;6,27;131,71;671,4;154,42;825,82
02.03.2024;00:01:36;610471;Stacja Paliw XYZ;AA123;OLEJ NAPĘDOWY ;23;5,1;6,27;134,15;683,84;157,28;841,12
02.03.2024;15:04:00;531251;Stacja Paliw XYZ;WZ9999;OLEJ NAPĘDOWY ;23;5,11;6,29;51,77;264,74;60,89;325,63
02.03.2024;15:26:53;475674;Stacja Paliw XYZ;LL184;OLEJ NAPĘDOWY ;23;5,11;6,29;41,9;214,27;49,28;263,55
02.03.2024;15:48:19;549628;Stacja Paliw XYZ;EF555;OLEJ NAPĘDOWY ;23;5,11;6,29;43,25;221,17;50,87;272,04
02.03.2024;15:58:02;506078;Stacja Paliw XYZ;TT549;OLEJ NAPĘDOWY ;23;5,11;6,29;46,2;236,26;54,34;290,6
02.03.2024;16:22:54;561430;Stacja Paliw XYZ;UU254;OLEJ NAPĘDOWY ;23;5,11;6,29;69,4;354,9;81,63;436,53
02.03.2024;16:23:45;570203;Stacja Paliw XYZ;GH666;OLEJ NAPĘDOWY ;23;5,11;6,29;61,76;315,83;72,64;388,47
02.03.2024;17:39:29;553466;Stacja Paliw XYZ;IJ777;OLEJ NAPĘDOWY ;23;5,11;6,29;42,43;216,98;49,9;266,88
02.03.2024;19:12:16;566845;Stacja Paliw XYZ;TU551;OLEJ NAPĘDOWY ;23;5,11;6,29;93,13;476,25;109,54;585,79
02.03.2024;20:38:26;610813;Stacja Paliw XYZ;AA123;OLEJ NAPĘDOWY ;23;5,11;6,29;111,28;569,07;130,88;699,95
02.03.2024;22:02:36;609747;Stacja Paliw XYZ;KK357;OLEJ NAPĘDOWY ;23;5,11;6,29;101,09;516,96;118,9;635,86
02.03.2024;22:38:45;606717;Stacja Paliw XYZ;XYZ991;OLEJ NAPĘDOWY ;23;5,11;6,29;88,77;453,95;104,41;558,36
02.03.2024;22:47:13;504110;Stacja Paliw XYZ;SS846;OLEJ NAPĘDOWY ;23;5,11;6,29;104,68;535,32;123,12;658,44
02.03.2024;22:47:59;541592;Stacja Paliw XYZ;II741;OLEJ NAPĘDOWY ;23;5,11;6,29;94,52;483,36;111,17;594,53
02.03.2024;23:13:07;472955;Stacja Paliw XYZ;MM549;OLEJ NAPĘDOWY ;23;5,11;6,29;116,67;596,63;137,22;733,85
02.03.2024;23:13:56;555341;Stacja Paliw XYZ;WW249;OLEJ NAPĘDOWY ;23;5,11;6,29;102,35;523,4;120,38;643,78
02.03.2024;23:24:41;531900;Stacja Paliw XYZ;KL888;OLEJ NAPĘDOWY ;23;5,11;6,29;112,98;577,76;132,88;710,64
02.03.2024;23:49:13;449222;Stacja Paliw XYZ;CD222;OLEJ NAPĘDOWY ;23;5,11;6,29;111,53;570,34;131,18;701,52
02.03.2024;23:49:59;510106;Stacja Paliw XYZ;ZZ729;OLEJ NAPĘDOWY ;23;5,11;6,29;128,47;656,98;151,1;808,08
03.03.2024;22:57:49;532138;Stacja Paliw XYZ;KL888;OLEJ NAPĘDOWY ;23;5,11;6,29;70;357,97;82,33;440,3
03.03.2024;22:59:02;506312;Stacja Paliw XYZ;TT549;OLEJ NAPĘDOWY ;23;5,11;6,29;70;357,97;82,33;440,3
03.03.2024;22:59:59;555545;Stacja Paliw XYZ;WW249;OLEJ NAPĘDOWY ;23;5,11;6,29;70;357,97;82,33;440,3
03.03.2024;23:00:49;536203;Stacja Paliw XYZ;DD147;OLEJ NAPĘDOWY ;23;5,11;6,29;82;419,33;96,45;515,78
03.03.2024;23:01:45;449337;Stacja Paliw XYZ;CD222;OLEJ NAPĘDOWY ;23;5,11;6,29;40;204,55;47,05;251,6
03.03.2024;23:02:37;473155;Stacja Paliw XYZ;MM549;OLEJ NAPĘDOWY ;23;5,11;6,29;65,02;332,5;76,48;408,98
03.03.2024;23:03:31;561767;Stacja Paliw XYZ;UU254;OLEJ NAPĘDOWY ;23;5,11;6,29;113;577,86;132,91;710,77
03.03.2024;23:04:21;504346;Stacja Paliw XYZ;SS846;OLEJ NAPĘDOWY ;23;5,11;6,29;61;311,94;71,75;383,69
03.03.2024;23:05:12;541828;Stacja Paliw XYZ;II741;OLEJ NAPĘDOWY ;23;5,11;6,29;63;322,17;74,1;396,27
03.03.2024;23:06:02;560396;Stacja Paliw XYZ;GH666;OLEJ NAPĘDOWY ;23;5,11;6,29;57;291,49;67,04;358,53
03.03.2024;23:06:49;553799;Stacja Paliw XYZ;IJ777;OLEJ NAPĘDOWY ;23;5,11;6,29;87;444,9;102,33;547,23
03.03.2024;23:07:41;549966;Stacja Paliw XYZ;EF555;OLEJ NAPĘDOWY ;23;5,11;6,29;100;511,38;117,62;629
03.03.2024;23:48:08;611201;Stacja Paliw XYZ;AA123;OLEJ NAPĘDOWY ;23;5,11;6,29;112,01;572,8;131,74;704,54
04.03.2024;08:37:27;1;Stacja Paliw XYZ;CC789;OLEJ NAPĘDOWY ;23;5,11;6,29;19,29;98,64;22,69;121,33
04.03.2024;15:29:11;375435;Stacja Paliw XYZ;MN101;OLEJ NAPĘDOWY ;23;5,11;6,29;50,82;259,89;59,77;319,66
04.03.2024;15:30:02;522490;Stacja Paliw XYZ;FF369;OLEJ NAPĘDOWY ;23;5,11;6,29;24,54;125,5;28,86;154,36
04.03.2024;15:37:55;559441;Stacja Paliw XYZ;GG963;OLEJ NAPĘDOWY ;23;5,11;6,29;38,33;196,02;45,08;241,1
04.03.2024;15:57:19;474578;Stacja Paliw XYZ;HH852;OLEJ NAPĘDOWY ;23;5,11;6,29;55,18;282,18;64,9;347,08
04.03.2024;16:19:55;635902;Stacja Paliw XYZ;EE258;OLEJ NAPĘDOWY ;23;5,11;6,29;28,99;148,25;34,1;182,35
04.03.2024;16:20:55;542056;Stacja Paliw XYZ;II741;OLEJ NAPĘDOWY ;23;5,11;6,29;71,43;365,28;84,01;449,29
04.03.2024;16:21:41;522822;Stacja Paliw XYZ;JJ159;OLEJ NAPĘDOWY ;23;5,11;6,29;60,11;307,39;70,7;378,09
04.03.2024;16:50:01;475896;Stacja Paliw XYZ;LL184;OLEJ NAPĘDOWY ;23;5,11;6,29;71,46;365,43;84,05;449,48
04.03.2024;17:38:42;405647;Stacja Paliw XYZ;OO549;OLEJ NAPĘDOWY ;23;5,11;6,29;94,75;484,54;111,44;595,98
04.03.2024;17:45:30;504543;Stacja Paliw XYZ;SS846;OLEJ NAPĘDOWY ;23;5,11;6,29;61,15;312,71;71,92;384,63
04.03.2024;17:46:25;449606;Stacja Paliw XYZ;CD222;OLEJ NAPĘDOWY ;23;5,11;6,29;90,28;461,67;106,19;567,86
04.03.2024;17:47:13;545570;Stacja Paliw XYZ;RS4455;OLEJ NAPĘDOWY ;23;5,11;6,29;85,13;435,34;100,13;535,47
04.03.2024;17:48:01;562035;Stacja Paliw XYZ;UU254;OLEJ NAPĘDOWY ;23;5,11;6,29;86,7;443,37;101,97;545,34
04.03.2024;17:48:50;574248;Stacja Paliw XYZ;RR549;OLEJ NAPĘDOWY ;23;5,11;6,29;71,54;365,85;84,14;449,99
04.03.2024;17:54:50;503680;Stacja Paliw XYZ;OP226;OLEJ NAPĘDOWY ;23;5,11;6,29;87,14;445,62;102,49;548,11
04.03.2024;18:08:27;550228;Stacja Paliw XYZ;EF555;OLEJ NAPĘDOWY ;23;5,11;6,29;95,19;486,79;111,96;598,75
04.03.2024;18:46:54;506549;Stacja Paliw XYZ;TT549;OLEJ NAPĘDOWY ;23;5,11;6,29;68,53;350,45;80,6;431,05
04.03.2024;18:55:56;510351;Stacja Paliw XYZ;ZZ729;OLEJ NAPĘDOWY ;23;5,11;6,29;88,53;452,72;104,13;556,85
04.03.2024;19:23:41;557325;Stacja Paliw XYZ;AB111;OLEJ NAPĘDOWY ;23;5,11;6,29;91,72;469,04;107,88;576,92
04.03.2024;19:24:30;473407;Stacja Paliw XYZ;MM549;OLEJ NAPĘDOWY ;23;5,11;6,29;74,89;382,98;88,08;471,06
04.03.2024;22:41:59;392246;Stacja Paliw XYZ;PP549;OLEJ NAPĘDOWY ;23;5,11;6,29;122,24;625,11;143,78;768,89
04.03.2024;23:01:16;536595;Stacja Paliw XYZ;DD147;OLEJ NAPĘDOWY ;23;5,11;6,29;125,95;644,09;148,14;792,23
04.03.2024;23:02:03;560770;Stacja Paliw XYZ;GH666;OLEJ NAPĘDOWY ;23;5,11;6,29;129,52;662,34;152,34;814,68
04.03.2024;23:02:54;554156;Stacja Paliw XYZ;IJ777;OLEJ NAPĘDOWY ;23;5,11;6,29;112,38;574,69;132,18;706,87
04.03.2024;23:10:44;610073;Stacja Paliw XYZ;KK357;OLEJ NAPĘDOWY ;23;5,11;6,29;103,85;531,07;122,15;653,22
04.03.2024;23:20:04;567277;Stacja Paliw XYZ;TU551;OLEJ NAPĘDOWY ;23;5,11;6,29;138,91;710,36;163,38;873,74
04.03.2024;23:38:52;585059;Stacja Paliw XYZ;BB456;OLEJ NAPĘDOWY ;23;5,11;6,29;129,29;661,16;152,07;813,23
04.03.2024;23:39:41;532429;Stacja Paliw XYZ;KL888;OLEJ NAPĘDOWY ;23;5,11;6,29;102,58;524,58;120,65;645,23
04.03.2024;23:40:30;531644;Stacja Paliw XYZ;WZ9999;OLEJ NAPĘDOWY ;23;5,11;6,29;122,25;625,16;143,79;768,95
04.03.2024;23:41:16;607089;Stacja Paliw XYZ;XYZ991;OLEJ NAPĘDOWY ;23;5,11;6,29;117,21;599,39;137,86;737,25
05.03.2024;00:02:46;611623;Stacja Paliw XYZ;AA123;OLEJ NAPĘDOWY ;23;5,11;6,29;146,15;747,38;171,9;919,28
05.03.2024;00:03:29;555975;Stacja Paliw XYZ;WW249;OLEJ NAPĘDOWY ;23;5,11;6,29;129,5;662,24;152,32;814,56
05.03.2024;14:51:10;545664;Stacja Paliw XYZ;RS4455;OLEJ NAPĘDOWY ;23;5,11;6,28;37,9;193,5;44,51;238,01
05.03.2024;15:36:30;559555;Stacja Paliw XYZ;GG963;OLEJ NAPĘDOWY ;23;5,11;6,28;39,98;204,12;46,95;251,07
05.03.2024;15:37:13;522557;Stacja Paliw XYZ;FF369;OLEJ NAPĘDOWY ;23;5,11;6,28;22,36;114,16;26,26;140,42
05.03.2024;15:55:31;474754;Stacja Paliw XYZ;HH852;OLEJ NAPĘDOWY ;23;5,11;6,28;53,68;274,07;63,04;337,11
05.03.2024;16:24:21;542282;Stacja Paliw XYZ;II741;OLEJ NAPĘDOWY ;23;5,11;6,28;70,12;358,01;82,34;440,35
05.03.2024;16:25:18;636022;Stacja Paliw XYZ;EE258;OLEJ NAPĘDOWY ;23;5,11;6,28;41,7;212,91;48,97;261,88
05.03.2024;16:26:05;503905;Stacja Paliw XYZ;OP226;OLEJ NAPĘDOWY ;23;5,11;6,28;87,53;446,9;102,79;549,69
05.03.2024;16:26:50;611866;Stacja Paliw XYZ;AA123;OLEJ NAPĘDOWY ;23;5,11;6,28;87,86;448,59;103,17;551,76
05.03.2024;16:47:10;476104;Stacja Paliw XYZ;LL184;OLEJ NAPĘDOWY ;23;5,11;6,28;66,75;340,8;78,39;419,19
05.03.2024;17:08:31;504710;Stacja Paliw XYZ;SS846;OLEJ NAPĘDOWY ;23;5,11;6,28;49,62;253,34;58,27;311,61
05.03.2024;17:42:07;405929;Stacja Paliw XYZ;OO549;OLEJ NAPĘDOWY ;23;5,11;6,28;88,57;452,21;104,01;556,22
05.03.2024;17:42:58;449871;Stacja Paliw XYZ;CD222;OLEJ NAPĘDOWY ;23;5,11;6,28;93,66;478,2;109,98;588,18
05.03.2024;17:43:44;523093;Stacja Paliw XYZ;JJ159;OLEJ NAPĘDOWY ;23;5,11;6,28;87,21;445,27;102,41;547,68
05.03.2024;17:44:31;574483;Stacja Paliw XYZ;RR549;OLEJ NAPĘDOWY ;23;5,11;6,28;71,47;364,9;83,93;448,83
05.03.2024;17:45:16;556255;Stacja Paliw XYZ;WW249;OLEJ NAPĘDOWY ;23;5,11;6,28;94,28;481,37;110,71;592,08
05.03.2024;18:09:57;521389;Stacja Paliw XYZ;NN549;OLEJ NAPĘDOWY ;23;5,11;6,28;81,22;414,68;95,38;510,06
05.03.2024;18:47:17;506779;Stacja Paliw XYZ;TT549;OLEJ NAPĘDOWY ;23;5,11;6,28;65,88;336,37;77,36;413,73
05.03.2024;18:56:01;510593;Stacja Paliw XYZ;ZZ729;OLEJ NAPĘDOWY ;23;5,11;6,28;86,63;442,31;101,73;544,04
05.03.2024;19:11:27;557608;Stacja Paliw XYZ;AB111;OLEJ NAPĘDOWY ;23;5,11;6,28;95,14;485,76;111,72;597,48
05.03.2024;19:20:39;473659;Stacja Paliw XYZ;MM549;OLEJ NAPĘDOWY ;23;5,11;6,28;75,71;386,55;88,91;475,46
05.03.2024;22:44:01;610419;Stacja Paliw XYZ;KK357;OLEJ NAPĘDOWY ;23;5,11;6,28;110,81;565,76;130,13;695,89
05.03.2024;23:02:55;562428;Stacja Paliw XYZ;UU254;OLEJ NAPĘDOWY ;23;5,11;6,28;123,49;630,5;145,02;775,52
05.03.2024;23:03:51;561144;Stacja Paliw XYZ;GH666;OLEJ NAPĘDOWY ;23;5,11;6,28;122,15;623,66;143,44;767,1
05.03.2024;23:04:36;554511;Stacja Paliw XYZ;IJ777;OLEJ NAPĘDOWY ;23;5,11;6,28;105;536,1;123,3;659,4
05.03.2024;23:10:21;607451;Stacja Paliw XYZ;XYZ991;OLEJ NAPĘDOWY ;23;5,11;6,28;110,19;562,59;129,4;691,99
05.03.2024;23:19:52;585491;Stacja Paliw XYZ;BB456;OLEJ NAPĘDOWY ;23;5,11;6,28;132,29;675,43;155,35;830,78
05.03.2024;23:40:15;537026;Stacja Paliw XYZ;DD147;OLEJ NAPĘDOWY ;23;5,11;6,28;133,88;683,55;157,22;840,77
05.03.2024;23:42:07;532723;Stacja Paliw XYZ;KL888;OLEJ NAPĘDOWY ;23;5,11;6,28;103,15;526,65;121,13;647,78
05.03.2024;23:43:06;567653;Stacja Paliw XYZ;TU551;OLEJ NAPĘDOWY ;23;5,11;6,28;124,7;636,68;146,44;783,12
05.03.2024;23:44:32;532030;Stacja Paliw XYZ;WZ9999;OLEJ NAPĘDOWY ;23;5,11;6,28;117,94;602,16;138,5;740,66
06.03.2024;00:00:10;375810;Stacja Paliw XYZ;MN101;OLEJ NAPĘDOWY ;23;5,11;6,28;110,46;563,98;129,71;693,69
06.03.2024;00:01:02;550649;Stacja Paliw XYZ;EF555;OLEJ NAPĘDOWY ;23;5,11;6,28;136,47;696,77;160,26;857,03
06.03.2024;11:47:26;260830;Stacja Paliw XYZ;FFF010;BENZYNA PB95.;23;5,07;6,24;31,96;162,14;37,29;199,43
06.03.2024;14:56:54;636049;Stacja Paliw XYZ;EE258;OLEJ NAPĘDOWY ;23;5,09;6,26;16,33;83,11;19,12;102,23
06.03.2024;15:35:35;559667;Stacja Paliw XYZ;GG963;OLEJ NAPĘDOWY ;23;5,09;6,26;33,97;172,89;39,76;212,65
06.03.2024;15:36:17;522623;Stacja Paliw XYZ;FF369;OLEJ NAPĘDOWY ;23;5,09;6,26;24,44;124,38;28,61;152,99
06.03.2024;16:21:59;474957;Stacja Paliw XYZ;HH852;OLEJ NAPĘDOWY ;23;5,09;6,26;61,52;313,11;72,01;385,12
06.03.2024;16:23:49;542508;Stacja Paliw XYZ;II741;OLEJ NAPĘDOWY ;23;5,09;6,26;70,08;356,67;82,03;438,7
06.03.2024;16:24:48;537239;Stacja Paliw XYZ;DD147;OLEJ NAPĘDOWY ;23;5,09;6,26;58,46;297,53;68,43;365,96
06.03.2024;16:25:43;504130;Stacja Paliw XYZ;OP226;OLEJ NAPĘDOWY ;23;5,09;6,26;85,93;437,33;100,59;537,92
06.03.2024;16:26:25;523340;Stacja Paliw XYZ;JJ159;OLEJ NAPĘDOWY ;23;5,09;6,26;82,8;421,41;96,92;518,33
06.03.2024;16:44:25;476311;Stacja Paliw XYZ;LL184;OLEJ NAPĘDOWY ;23;5,09;6,26;64,62;328,88;75,64;404,52
06.03.2024;17:05:41;504903;Stacja Paliw XYZ;SS846;OLEJ NAPĘDOWY ;23;5,09;6,26;53,85;274,07;63,03;337,1
06.03.2024;17:43:00;406210;Stacja Paliw XYZ;OO549;OLEJ NAPĘDOWY ;23;5,09;6,26;87,55;445,58;102,48;548,06
06.03.2024;17:44:29;450139;Stacja Paliw XYZ;CD222;OLEJ NAPĘDOWY ;23;5,09;6,26;89,26;454,28;104,49;558,77
06.03.2024;17:45:22;545950;Stacja Paliw XYZ;RS4455;OLEJ NAPĘDOWY ;23;5,09;6,26;91,73;466,85;107,38;574,23
06.03.2024;17:46:10;550919;Stacja Paliw XYZ;EF555;OLEJ NAPĘDOWY ;23;5,09;6,26;90,11;458,61;105,48;564,09
06.03.2024;17:47:01;574733;Stacja Paliw XYZ;RR549;OLEJ NAPĘDOWY ;23;5,09;6,26;74,28;378,04;86,95;464,99
06.03.2024;18:06:04;521655;Stacja Paliw XYZ;NN549;OLEJ NAPĘDOWY ;23;5,09;6,26;75,61;384,81;88,51;473,32
06.03.2024;18:45:51;507010;Stacja Paliw XYZ;TT549;OLEJ NAPĘDOWY ;23;5,09;6,26;64,4;327,76;75,38;403,14
06.03.2024;18:55:52;607689;Stacja Paliw XYZ;XYZ991;OLEJ NAPĘDOWY ;23;5,09;6,26;85,58;435,55;100,18;535,73
06.03.2024;19:09:14;557893;Stacja Paliw XYZ;AB111;OLEJ NAPĘDOWY ;23;5,09;6,26;93,72;476,98;109,71;586,69
06.03.2024;19:21:39;473949;Stacja Paliw XYZ;MM549;OLEJ NAPĘDOWY ;23;5,09;6,26;76,53;389,5;89,58;479,08
06.03.2024;22:44:21;392585;Stacja Paliw XYZ;PP549;OLEJ NAPĘDOWY ;23;5,09;6,26;112,96;574,9;132,23;707,13
06.03.2024;23:11:50;562817;Stacja Paliw XYZ;UU254;OLEJ NAPĘDOWY ;23;5,09;6,26;125,73;639,89;147,18;787,07
06.03.2024;23:12:47;561518;Stacja Paliw XYZ;GH666;OLEJ NAPĘDOWY ;23;5,09;6,26;121,99;620,86;142,8;763,66
06.03.2024;23:13:42;554864;Stacja Paliw XYZ;IJ777;OLEJ NAPĘDOWY ;23;5,09;6,26;105,29;535,87;123,25;659,12
06.03.2024;23:14:33;610777;Stacja Paliw XYZ;KK357;OLEJ NAPĘDOWY ;23;5,09;6,26;110,41;561,93;129,24;691,17
06.03.2024;23:38:45;556676;Stacja Paliw XYZ;WW249;OLEJ NAPĘDOWY ;23;5,09;6,26;123,78;629,97;144,89;774,86
06.03.2024;23:39:34;585912;Stacja Paliw XYZ;BB456;OLEJ NAPĘDOWY ;23;5,09;6,26;131,33;668,4;153,73;822,13
06.03.2024;23:40:19;533032;Stacja Paliw XYZ;KL888;OLEJ NAPĘDOWY ;23;5,09;6,26;110,45;562,13;129,29;691,42
06.03.2024;23:41:19;568026;Stacja Paliw XYZ;TU551;OLEJ NAPĘDOWY ;23;5,09;6,26;118,24;601,77;138,41;740,18
06.03.2024;23:42:06;532417;Stacja Paliw XYZ;WZ9999;OLEJ NAPĘDOWY ;23;5,09;6,26;120,02;610,84;140,49;751,33
07.03.2024;00:01:25;370202;Stacja Paliw XYZ;MN101;OLEJ NAPĘDOWY ;23;5,09;6,26;103,48;526,65;121,13;647,78
07.03.2024;00:02:15;612289;Stacja Paliw XYZ;AA123;OLEJ NAPĘDOWY ;23;5,09;6,26;143,25;729,07;167,68;896,75
07.03.2024;17:09:43;476533;Stacja Paliw XYZ;LL184;OLEJ NAPĘDOWY ;23;5,09;6,26;69,82;355,34;81,73;437,07
07.03.2024;17:10:33;612471;Stacja Paliw XYZ;AA123;OLEJ NAPĘDOWY ;23;5,09;6,26;58,32;296,81;68,27;365,08
07.03.2024;17:42:20;406492;Stacja Paliw XYZ;OO549;OLEJ NAPĘDOWY ;23;5,09;6,26;92,27;469,6;108,01;577,61
07.03.2024;17:43:25;450404;Stacja Paliw XYZ;CD222;OLEJ NAPĘDOWY ;23;5,09;6,26;91,34;464,87;106,92;571,79
07.03.2024;17:44:39;547221;Stacja Paliw XYZ;RS4455;OLEJ NAPĘDOWY ;23;5,09;6,26;89,72;456,63;105,02;561,65
07.03.2024;17:45:24;556947;Stacja Paliw XYZ;WW249;OLEJ NAPĘDOWY ;23;5,09;6,26;76,07;387,15;89,05;476,2
07.03.2024;17:46:11;574968;Stacja Paliw XYZ;RR549;OLEJ NAPĘDOWY ;23;5,09;6,26;70,85;360,59;82,93;443,52
07.03.2024;17:55:23;522705;Stacja Paliw XYZ;FF369;OLEJ NAPĘDOWY ;23;5,09;6,26;34,04;173,24;39,85;213,09
07.03.2024;17:56:08;523603;Stacja Paliw XYZ;JJ159;OLEJ NAPĘDOWY ;23;5,09;6,26;87,14;443,5;102;545,5
07.03.2024;18:15:09;636091;Stacja Paliw XYZ;EE258;OLEJ NAPĘDOWY ;23;5,09;6,26;22,57;114,87;26,42;141,29
07.03.2024;18:15:59;559782;Stacja Paliw XYZ;GG963;OLEJ NAPĘDOWY ;23;5,09;6,26;44,16;224,75;51,69;276,44
07.03.2024;18:16:44;475147;Stacja Paliw XYZ;HH852;OLEJ NAPĘDOWY ;23;5,09;6,26;59,34;302,01;69,46;371,47
07.03.2024;18:17:33;537437;Stacja Paliw XYZ;DD147;OLEJ NAPĘDOWY ;23;5,09;6,26;57,13;290,76;66,87;357,63
07.03.2024;18:18:36;398071;Stacja Paliw XYZ;PP549;OLEJ NAPĘDOWY ;23;5,09;6,26;80,03;407,31;93,68;500,99
07.03.2024;18:19:21;521908;Stacja Paliw XYZ;NN549;OLEJ NAPĘDOWY ;23;5,09;6,26;74,12;377,23;86,76;463,99
07.03.2024;18:47:52;507240;Stacja Paliw XYZ;TT549;OLEJ NAPĘDOWY ;23;5,09;6,26;65,37;332,7;76,52;409,22
07.03.2024;18:55:55;504386;Stacja Paliw XYZ;OP226;OLEJ NAPĘDOWY ;23;5,09;6,26;101,77;517,95;119,13;637,08
07.03.2024;19:10:13;558178;Stacja Paliw XYZ;AB111;OLEJ NAPĘDOWY ;23;5,09;6,26;98,43;500,95;115,22;616,17
07.03.2024;19:21:13;542734;Stacja Paliw XYZ;II741;OLEJ NAPĘDOWY ;23;5,09;6,26;72,82;370,61;85,24;455,85
07.03.2024;19:22:05;474225;Stacja Paliw XYZ;MM549;OLEJ NAPĘDOWY ;23;5,09;6,26;103,54;526,96;121,2;648,16
07.03.2024;22:42:48;568368;Stacja Paliw XYZ;TU551;OLEJ NAPĘDOWY ;23;5,09;6,26;112,67;573,42;131,89;705,31
07.03.2024;23:11:23;563164;Stacja Paliw XYZ;UU254;OLEJ NAPĘDOWY ;23;5,09;6,26;112,55;572,81;131,75;704,56
07.03.2024;23:12:09;586285;Stacja Paliw XYZ;BB456;OLEJ NAPĘDOWY ;23;5,09;6,26;114,6;583,25;134,15;717,4
07.03.2024;23:12:57;555215;Stacja Paliw XYZ;IJ777;OLEJ NAPĘDOWY ;23;5,09;6,26;108,13;550,32;126,57;676,89
07.03.2024;23:13:40;608051;Stacja Paliw XYZ;XYZ991;OLEJ NAPĘDOWY ;23;5,09;6,26;119,01;605,69;139,31;745
07.03.2024;23:21:46;551354;Stacja Paliw XYZ;EF555;OLEJ NAPĘDOWY ;23;5,09;6,26;139,29;708,91;163,05;871,96
07.03.2024;23:38:32;561950;Stacja Paliw XYZ;GH666;OLEJ NAPĘDOWY ;23;5,09;6,26;144,65;736,19;169,32;905,51
07.03.2024;23:39:40;0;Stacja Paliw XYZ;KL888;OLEJ NAPĘDOWY ;23;5,09;6,26;110,35;561,62;129,17;690,79
07.03.2024;23:41:09;611153;Stacja Paliw XYZ;KK357;OLEJ NAPĘDOWY ;23;5,09;6,26;113,15;575,87;132,45;708,32
07.03.2024;23:41:55;552804;Stacja Paliw XYZ;WZ9999;OLEJ NAPĘDOWY ;23;5,09;6,26;121,37;617,71;142,07;759,78
08.03.2024;00:00:02;376581;Stacja Paliw XYZ;MN101;OLEJ NAPĘDOWY ;23;5,09;6,26;99,77;507,77;116,79;624,56
08.03.2024;00:00:56;505325;Stacja Paliw XYZ;SS846;OLEJ NAPĘDOWY ;23;5,09;6,26;137,04;697,46;160,41;857,87
08.03.2024;15:26:39;376777;Stacja Paliw XYZ;MN101;OLEJ NAPĘDOWY ;23;5,07;6,23;51,76;262,16;60,3;322,46
08.03.2024;15:35:21;559896;Stacja Paliw XYZ;GG963;OLEJ NAPĘDOWY ;23;5,07;6,23;33,15;167,9;38,62;206,52
08.03.2024;15:36:21;522772;Stacja Paliw XYZ;FF369;OLEJ NAPĘDOWY ;23;5,07;6,23;20,17;102,16;23,5;125,66
08.03.2024;16:29:08;636163;Stacja Paliw XYZ;EE258;OLEJ NAPĘDOWY ;23;5,07;6,23;28,74;145,57;33,48;179,05
08.03.2024;16:30:10;542960;Stacja Paliw XYZ;II741;OLEJ NAPĘDOWY ;23;5,07;6,23;68,24;345,64;79,5;425,14
08.03.2024;16:31:02;637635;Stacja Paliw XYZ;DD147;OLEJ NAPĘDOWY ;23;5,07;6,23;56,34;285,37;65,63;351
08.03.2024;16:31:53;575235;Stacja Paliw XYZ;RR549;OLEJ NAPĘDOWY ;23;5,07;6,23;88,64;448,97;103,26;552,23
08.03.2024;16:32:40;523850;Stacja Paliw XYZ;JJ159;OLEJ NAPĘDOWY ;23;5,07;6,23;86,14;436,3;100,35;536,65
08.03.2024;16:49:52;476740;Stacja Paliw XYZ;LL184;OLEJ NAPĘDOWY ;23;5,07;6,23;67,85;343,67;79,04;422,71
08.03.2024;17:08:39;505492;Stacja Paliw XYZ;SS846;OLEJ NAPĘDOWY ;23;5,07;6,23;48,35;244,89;56,33;301,22
08.03.2024;17:39:09;406774;Stacja Paliw XYZ;OO549;OLEJ NAPĘDOWY ;23;5,07;6,23;94,64;479,36;110,25;589,61
08.03.2024;17:40:04;450669;Stacja Paliw XYZ;CD222;OLEJ NAPĘDOWY ;23;5,07;6,23;93,39;473,02;108,8;581,82
08.03.2024;17:45:47;547493;Stacja Paliw XYZ;RS4455;OLEJ NAPĘDOWY ;23;5,07;6,23;89,82;454,94;104,64;559,58
08.03.2024;17:46:40;557217;Stacja Paliw XYZ;WW249;OLEJ NAPĘDOWY ;23;5,07;6,23;77,87;394,41;90,72;485,13
08.03.2024;17:47:38;475395;Stacja Paliw XYZ;HH852;OLEJ NAPĘDOWY ;23;5,07;6,23;78,42;397,2;91,36;488,56
08.03.2024;18:06:16;522160;Stacja Paliw XYZ;NN549;OLEJ NAPĘDOWY ;23;5,07;6,23;74,56;377,65;86,86;464,51
08.03.2024;18:44:37;507474;Stacja Paliw XYZ;TT549;OLEJ NAPĘDOWY ;23;5,07;6,23;66,68;337,74;77,68;415,42
08.03.2024;18:54:35;504628;Stacja Paliw XYZ;OP226;OLEJ NAPĘDOWY ;23;5,07;6,23;97,39;493,28;113,46;606,74
08.03.2024;19:10:16;558462;Stacja Paliw XYZ;AB111;OLEJ NAPĘDOWY ;23;5,07;6,23;102,99;521,65;119,98;641,63
08.03.2024;19:24:44;474477;Stacja Paliw XYZ;MM549;OLEJ NAPĘDOWY ;23;5,07;6,23;73,26;371,07;85,34;456,41
08.03.2024;22:44:13;568713;Stacja Paliw XYZ;TU551;OLEJ NAPĘDOWY ;23;5,07;6,23;112,25;568,55;130,77;699,32
08.03.2024;23:04:24;563553;Stacja Paliw XYZ;UU254;OLEJ NAPĘDOWY ;23;5,07;6,23;125,97;638,04;146,75;784,79
08.03.2024;23:05:23;562321;Stacja Paliw XYZ;GH666;OLEJ NAPĘDOWY ;23;5,07;6,23;128,85;652,63;150,11;802,74
08.03.2024;23:06:11;555569;Stacja Paliw XYZ;IJ777;OLEJ NAPĘDOWY ;23;5,07;6,23;107,55;544,75;125,29;670,04
08.03.2024;23:11:45;586645;Stacja Paliw XYZ;BB456;OLEJ NAPĘDOWY ;23;5,07;6,23;118,52;600,31;138,07;738,38
08.03.2024;23:21:49;611585;Stacja Paliw XYZ;KK357;OLEJ NAPĘDOWY ;23;5,07;6,23;135,16;684,59;157,46;842,05
08.03.2024;23:38:30;393184;Stacja Paliw XYZ;PP549;OLEJ NAPĘDOWY ;23;5,07;6,23;130,33;660,13;151,83;811,96
08.03.2024;23:39:19;533634;Stacja Paliw XYZ;KL888;OLEJ NAPĘDOWY ;23;5,07;6,23;100,22;507,62;116,75;624,37
08.03.2024;23:40:08;608423;Stacja Paliw XYZ;XYZ991;OLEJ NAPĘDOWY ;23;5,07;6,23;117,11;593,17;136,43;729,6
08.03.2024;23:40:54;533190;Stacja Paliw XYZ;WZ9999;OLEJ NAPĘDOWY ;23;5,07;6,23;120,58;610,74;140,47;751,21
09.03.2024;00:00:55;612896;Stacja Paliw XYZ;AA123;OLEJ NAPĘDOWY ;23;5,07;6,23;152,82;774,04;178,03;952,07
09.03.2024;00:01:43;376958;Stacja Paliw XYZ;MN101;OLEJ NAPĘDOWY ;23;5,07;6,23;49,52;250,82;57,69;308,51
09.03.2024;13:46:37;475508;Stacja Paliw XYZ;HH852;OLEJ NAPĘDOWY ;23;5,05;6,21;40,41;204,02;46,93;250,95
09.03.2024;14:00:15;586776;Stacja Paliw XYZ;BB456;OLEJ NAPĘDOWY ;23;5,05;6,21;36,62;184,89;42,52;227,41
09.03.2024;15:00:08;523197;Stacja Paliw XYZ;JJ159;OLEJ NAPĘDOWY ;23;5,05;6,21;51,76;261,33;60,1;321,43
09.03.2024;15:28:29;476865;Stacja Paliw XYZ;LL184;OLEJ NAPĘDOWY ;23;5,05;6,21;43,53;219,77;50,55;270,32
09.03.2024;15:58:14;474616;Stacja Paliw XYZ;MM549;OLEJ NAPĘDOWY ;23;5,05;6,21;43,64;220,33;50,67;271
09.03.2024;15:59:07;507643;Stacja Paliw XYZ;TT549;OLEJ NAPĘDOWY ;23;5,05;6,21;48,64;245,57;56,48;302,05
09.03.2024;16:18:51;563763;Stacja Paliw XYZ;UU254;OLEJ NAPĘDOWY ;23;5,05;6,21;67,68;341,7;78,59;420,29
09.03.2024;16:19:49;504795;Stacja Paliw XYZ;OP226;OLEJ NAPĘDOWY ;23;5,05;6,21;68,2;344,33;79,19;423,52
09.03.2024;19:17:33;611859;Stacja Paliw XYZ;KK357;OLEJ NAPĘDOWY ;23;5,05;6,21;99,33;501,5;115,34;616,84
09.03.2024;20:04:41;537915;Stacja Paliw XYZ;DD147;OLEJ NAPĘDOWY ;23;5,05;6,21;83,68;422,48;97,17;519,65
09.03.2024;20:34:21;613238;Stacja Paliw XYZ;AA123;OLEJ NAPĘDOWY ;23;5,05;6,21;116,47;588,03;135,25;723,28
09.03.2024;22:01:20;569075;Stacja Paliw XYZ;TU551;OLEJ NAPĘDOWY ;23;5,05;6,21;99,17;500,69;115,16;615,85
09.03.2024;22:36:29;611892;Stacja Paliw XYZ;KK357;OLEJ NAPĘDOWY ;23;5,05;6,21;9,84;49,68;11,43;61,11
09.03.2024;22:43:58;505845;Stacja Paliw XYZ;SS846;OLEJ NAPĘDOWY ;23;5,05;6,21;103,43;522,2;120,1;642,3
09.03.2024;22:55:58;543292;Stacja Paliw XYZ;II741;OLEJ NAPĘDOWY ;23;5,05;6,21;97,67;493,11;113,42;606,53
09.03.2024;23:09:51;608701;Stacja Paliw XYZ;XYZ991;OLEJ NAPĘDOWY ;23;5,05;6,21;94,84;478,83;110,13;588,96
09.03.2024;23:14:34;562684;Stacja Paliw XYZ;GH666;OLEJ NAPĘDOWY ;23;5,05;6,21;117,02;590,8;135,89;726,69
09.03.2024;23:24:30;533980;Stacja Paliw XYZ;KL888;OLEJ NAPĘDOWY ;23;5,05;6,21;109,96;555,16;127,69;682,85
09.03.2024;23:51:50;451055;Stacja Paliw XYZ;CD222;OLEJ NAPĘDOWY ;23;5,05;6,21;116,97;590,55;135,83;726,38
09.03.2024;23:54:04;557621;Stacja Paliw XYZ;WW249;OLEJ NAPĘDOWY ;23;5,05;6,21;117,21;591,76;136,11;727,87
10.03.2024;21:27:57;476928;Stacja Paliw XYZ;LL184;OLEJ NAPĘDOWY ;23;5,05;6,21;28,88;145,8;33,54;179,34
10.03.2024;21:38:19;534221;Stacja Paliw XYZ;KL888;OLEJ NAPĘDOWY ;23;5,05;6,21;74,22;374,72;86,19;460,91
10.03.2024;22:13:12;524108;Stacja Paliw XYZ;JJ159;OLEJ NAPĘDOWY ;23;5,05;6,21;36,08;182,16;41,9;224,06
10.03.2024;22:14:16;563999;Stacja Paliw XYZ;UU254;OLEJ NAPĘDOWY ;23;5,05;6,21;75,47;381,03;87,64;468,67
10.03.2024;22:15:09;558677;Stacja Paliw XYZ;AB111;OLEJ NAPĘDOWY ;23;5,05;6,21;71,48;360,89;83;443,89
10.03.2024;22:16:06;506082;Stacja Paliw XYZ;SS846;OLEJ NAPĘDOWY ;23;5,05;6,21;62,94;317,77;73,09;390,86
10.03.2024;22:17:11;555822;Stacja Paliw XYZ;IJ777;OLEJ NAPĘDOWY ;23;5,05;6,21;80,14;404,61;93,06;497,67
10.03.2024;22:18:05;609010;Stacja Paliw XYZ;XYZ991;OLEJ NAPĘDOWY ;23;5,05;6,21;85,15;429,9;98,88;528,78
10.03.2024;22:39:18;612171;Stacja Paliw XYZ;KK357;OLEJ NAPĘDOWY ;23;5,05;6,21;91,55;462,22;106,31;568,53
10.03.2024;22:40:17;543527;Stacja Paliw XYZ;II741;OLEJ NAPĘDOWY ;23;5,05;6,21;70,1;353,92;81,4;435,32
10.03.2024;22:51:48;505141;Stacja Paliw XYZ;OP226;OLEJ NAPĘDOWY ;23;5,05;6,21;121,87;615,29;141,52;756,81
10.03.2024;22:52:34;562877;Stacja Paliw XYZ;GH666;OLEJ NAPĘDOWY ;23;5,05;6,21;59,64;301,11;69,25;370,36
10.03.2024;22:53:26;569410;Stacja Paliw XYZ;TU551;OLEJ NAPĘDOWY ;23;5,05;6,21;93,54;472,26;108,62;580,88
10.03.2024;23:46:24;613626;Stacja Paliw XYZ;AA123;OLEJ NAPĘDOWY ;23;5,05;6,21;112,21;566,52;130,3;696,82
11.03.2024;15:38:37;560010;Stacja Paliw XYZ;GG963;OLEJ NAPĘDOWY ;23;5,05;6,21;32,94;166,31;38,25;204,56
11.03.2024;15:39:30;522838;Stacja Paliw XYZ;FF369;OLEJ NAPĘDOWY ;23;5,05;6,21;22,03;111,23;25,58;136,81
11.03.2024;15:52:41;636224;Stacja Paliw XYZ;EE258;OLEJ NAPĘDOWY ;23;5,05;6,21;22,98;116,02;26,69;142,71
11.03.2024;16:17:51;524309;Stacja Paliw XYZ;JJ159;OLEJ NAPĘDOWY ;23;5,05;6,21;53,97;272,48;62,67;335,15
11.03.2024;16:19:29;505366;Stacja Paliw XYZ;OP226;OLEJ NAPĘDOWY ;23;5,05;6,21;85,32;430,76;99,08;529,84
11.03.2024;16:20:17;522341;Stacja Paliw XYZ;NN549;OLEJ NAPĘDOWY ;23;5,05;6,21;48,58;245,27;56,41;301,68
11.03.2024;16:21:05;613870;Stacja Paliw XYZ;AA123;OLEJ NAPĘDOWY ;23;5,05;6,21;84,91;428,69;98,6;527,29
11.03.2024;16:48:18;393402;Stacja Paliw XYZ;PP549;OLEJ NAPĘDOWY ;23;5,05;6,21;64,91;327,72;75,37;403,09
11.03.2024;17:12:09;551664;Stacja Paliw XYZ;EF555;OLEJ NAPĘDOWY ;23;5,05;6,21;110,23;556,53;128;684,53
11.03.2024;17:38:28;407056;Stacja Paliw XYZ;OO549;OLEJ NAPĘDOWY ;23;5,05;6,21;86,67;437,58;100,64;538,22
11.03.2024;17:42:55;451393;Stacja Paliw XYZ;CD222;OLEJ NAPĘDOWY ;23;5,05;6,21;89,84;453,59;104,32;557,91
11.03.2024;17:43:42;547778;Stacja Paliw XYZ;RS4455;OLEJ NAPĘDOWY ;23;5,05;6,21;94,8;478,63;110,08;588,71
11.03.2024;17:44:29;557892;Stacja Paliw XYZ;WW249;OLEJ NAPĘDOWY ;23;5,05;6,21;76,85;388;89,24;477,24
11.03.2024;17:45:16;557892;Stacja Paliw XYZ;RR549;OLEJ NAPĘDOWY ;23;5,05;6,21;68,61;346,4;79,67;426,07
11.03.2024;18:10:41;506335;Stacja Paliw XYZ;SS846;OLEJ NAPĘDOWY ;23;5,05;6,21;73,23;369,72;85,04;454,76
11.03.2024;18:36:00;476929;Stacja Paliw XYZ;LL184;OLEJ NAPĘDOWY ;23;5,05;6,21;5,49;27,72;6,37;34,09
11.03.2024;18:46:21;507877;Stacja Paliw XYZ;TT549;OLEJ NAPĘDOWY ;23;5,05;6,21;64,77;327,01;75,21;402,22
11.03.2024;18:54:43;510833;Stacja Paliw XYZ;ZZ729;OLEJ NAPĘDOWY ;23;5,05;6,21;88,87;448,68;103,2;551,88
11.03.2024;19:05:57;321848;Stacja Paliw XYZ;CC789;OLEJ NAPĘDOWY ;23;5,05;6,21;45,99;232,2;53,4;285,6
11.03.2024;19:23:59;377255;Stacja Paliw XYZ;MN101;OLEJ NAPĘDOWY ;23;5,05;6,21;74,68;377,04;86,72;463,76
11.03.2024;19:24:41;558964;Stacja Paliw XYZ;AB111;OLEJ NAPĘDOWY ;23;5,05;6,21;90,9;458,93;105,56;564,49
11.03.2024;22:18:27;534302;Stacja Paliw XYZ;KL888;OLEJ NAPĘDOWY ;23;5,05;6,21;29,72;150,05;34,51;184,56
11.03.2024;22:42:03;612516;Stacja Paliw XYZ;KK357;OLEJ NAPĘDOWY ;23;5,05;6,21;109,61;553,4;127,28;680,68
11.03.2024;23:02:29;563249;Stacja Paliw XYZ;GH666;OLEJ NAPĘDOWY ;23;5,05;6,21;126,7;639,68;147,13;786,81
11.03.2024;23:03:13;564391;Stacja Paliw XYZ;UU254;OLEJ NAPĘDOWY ;23;5,05;6,21;130,26;657,65;151,26;808,91
11.03.2024;23:03:58;556175;Stacja Paliw XYZ;IJ777;OLEJ NAPĘDOWY ;23;5,05;6,21;100,34;506,59;116,52;623,11
11.03.2024;23:22:16;569767;Stacja Paliw XYZ;TU551;OLEJ NAPĘDOWY ;23;5,05;6,21;115,86;584,95;134,54;719,49
11.03.2024;23:23:06;475047;Stacja Paliw XYZ;MM549;OLEJ NAPĘDOWY ;23;5,05;6,21;143,37;723,85;166,48;890,33
11.03.2024;23:38:41;475863;Stacja Paliw XYZ;HH852;OLEJ NAPĘDOWY ;23;5,05;6,21;111,9;564,96;129,94;694,9
11.03.2024;23:39:27;538345;Stacja Paliw XYZ;DD147;OLEJ NAPĘDOWY ;23;5,05;6,21;144,86;731,37;168,21;899,58
11.03.2024;23:40:11;533580;Stacja Paliw XYZ;WZ9999;OLEJ NAPĘDOWY ;23;5,05;6,21;119,35;602,57;138,59;741,16
11.03.2024;23:41:03;609377;Stacja Paliw XYZ;XYZ991;OLEJ NAPĘDOWY ;23;5,05;6,21;112,44;567,68;130,57;698,25
11.03.2024;23:52:18;543934;Stacja Paliw XYZ;II741;OLEJ NAPĘDOWY ;23;5,05;6,21;115,88;585,05;134,56;719,61
11.03.2024;23:57:58;587205;Stacja Paliw XYZ;BB456;OLEJ NAPĘDOWY ;23;5,05;6,21;131,12;662;152,26;814,26
12.03.2024;15:26:18;377453;Stacja Paliw XYZ;MN101;OLEJ NAPĘDOWY ;23;5,04;6,2;56,09;282,73;65,03;347,76
12.03.2024;15:30:28;522904;Stacja Paliw XYZ;FF369;OLEJ NAPĘDOWY ;23;5,04;6,2;24,78;124,91;28,73;153,64
12.03.2024;15:38:07;560125;Stacja Paliw XYZ;GG963;OLEJ NAPĘDOWY ;23;5,04;6,2;38,15;192,3;44,23;236,53
12.03.2024;16:23:09;522904;Stacja Paliw XYZ;NN549;OLEJ NAPĘDOWY ;23;5,04;6,2;56,8;286,31;65,85;352,16
12.03.2024;16:23:54;544159;Stacja Paliw XYZ;II741;OLEJ NAPĘDOWY ;23;5,04;6,2;70,93;357,54;82,23;439,77
12.03.2024;16:24:49;524509;Stacja Paliw XYZ;JJ159;OLEJ NAPĘDOWY ;23;5,04;6,2;60,24;303,65;69,84;373,49
12.03.2024;16:25:33;533803;Stacja Paliw XYZ;WZ9999;OLEJ NAPĘDOWY ;23;5,04;6,2;78,72;396,8;91,26;488,06
12.03.2024;16:51:00;393608;Stacja Paliw XYZ;PP549;OLEJ NAPĘDOWY ;23;5,04;6,2;66,76;336,51;77,4;413,91
12.03.2024;17:06:58;505533;Stacja Paliw XYZ;OP226;OLEJ NAPĘDOWY ;23;5,04;6,2;55,03;277,39;63,8;341,19
12.03.2024;17:43:55;407338;Stacja Paliw XYZ;OO549;OLEJ NAPĘDOWY ;23;5,04;6,2;89,13;449,28;103,33;552,61
12.03.2024;17:44:50;451323;Stacja Paliw XYZ;CD222;OLEJ NAPĘDOWY ;23;5,04;6,2;93,35;470,54;108,23;578,77
12.03.2024;17:45:53;547051;Stacja Paliw XYZ;RS4455;OLEJ NAPĘDOWY ;23;5,04;6,2;90,8;457,69;105,27;562,96
12.03.2024;17:47:14;558162;Stacja Paliw XYZ;RS4455;OLEJ NAPĘDOWY ;23;5,04;6,2;79,67;401,59;92,36;493,95
12.03.2024;17:48:38;551914;Stacja Paliw XYZ;EF555;OLEJ NAPĘDOWY ;23;5,04;6,2;85,26;429,76;98,85;528,61
12.03.2024;18:13:46;506588;Stacja Paliw XYZ;SS846;OLEJ NAPĘDOWY ;23;5,04;6,2;78,03;393,33;90,46;483,79
12.03.2024;18:14:48;564682;Stacja Paliw XYZ;UU254;OLEJ NAPĘDOWY ;23;5,04;6,2;105,66;532,59;122,5;655,09
12.03.2024;18:45:02;508107;Stacja Paliw XYZ;TT549;OLEJ NAPĘDOWY ;23;5,04;6,2;67,53;340,4;78,29;418,69
12.03.2024;18:58:33;511082;Stacja Paliw XYZ;ZZ729;OLEJ NAPĘDOWY ;23;5,04;6,2;87,97;443,42;101,99;545,41
12.03.2024;19:12:48;559249;Stacja Paliw XYZ;AB111;OLEJ NAPĘDOWY ;23;5,04;6,2;94,5;476,34;109,56;585,9
12.03.2024;19:24:02;636467;Stacja Paliw XYZ;EE258;OLEJ NAPĘDOWY ;23;5,04;6,2;75,76;381,88;87,83;469,71
12.03.2024;22:22:11;614153;Stacja Paliw XYZ;AA123;OLEJ NAPĘDOWY ;23;5,04;6,2;102,27;515,5;118,57;634,07
12.03.2024;22:41:44;609725;Stacja Paliw XYZ;XYZ991;OLEJ NAPĘDOWY ;23;5,04;6,2;112,64;567,78;130,59;698,37
12.03.2024;23:00:11;563622;Stacja Paliw XYZ;GH666;OLEJ NAPĘDOWY ;23;5,04;6,2;127,83;644,35;148,2;792,55
12.03.2024;23:01:03;556536;Stacja Paliw XYZ;IJ777;OLEJ NAPĘDOWY ;23;5,04;6,2;103,18;520,1;119,62;639,72
12.03.2024;23:01:51;552017;Stacja Paliw XYZ;EF555;OLEJ NAPĘDOWY ;23;5,04;6,2;28,78;145,07;33,37;178,44
12.03.2024;23:09:18;612871;Stacja Paliw XYZ;KK357;OLEJ NAPĘDOWY ;23;5,04;6,2;108,67;547,76;125,99;673,75
12.03.2024;23:21:26;614153;Stacja Paliw XYZ;TU551;OLEJ NAPĘDOWY ;23;5,04;6,2;131,7;663,85;152,69;816,54
12.03.2024;23:39:33;575900;Stacja Paliw XYZ;RR549;OLEJ NAPĘDOWY ;23;5,04;6,2;142,07;716,12;164,71;880,83
12.03.2024;23:41:14;534595;Stacja Paliw XYZ;KL888;OLEJ NAPĘDOWY ;23;5,04;6,2;99,53;501,7;115,39;617,09
12.03.2024;23:43:11;476273;Stacja Paliw XYZ;HH852;OLEJ NAPĘDOWY ;23;5,04;6,2;105,41;531,33;122,21;653,54
12.03.2024;23:44:47;538722;Stacja Paliw XYZ;DD147;OLEJ NAPĘDOWY ;23;5,04;6,2;117,02;589,85;135,67;725,52
13.03.2024;00:01:19;587627;Stacja Paliw XYZ;BB456;OLEJ NAPĘDOWY ;23;5,04;6,2;128,02;645,3;148,42;793,72
13.03.2024;00:02:15;451738;Stacja Paliw XYZ;CD222;OLEJ NAPĘDOWY ;23;5,04;6,2;35,89;180,91;41,61;222,52
13.03.2024;07:41:32;1;Stacja Paliw XYZ;CC789;OLEJ NAPĘDOWY ;23;5;6,15;20;100;23;123
13.03.2024;14:48:18;511213;Stacja Paliw XYZ;ZZ729;OLEJ NAPĘDOWY ;23;5;6,15;46,35;231,75;53,3;285,05
13.03.2024;15:32:59;377661;Stacja Paliw XYZ;MN101;OLEJ NAPĘDOWY ;23;5;6,15;54,04;270,2;62,15;332,35
13.03.2024;15:33:52;560239;Stacja Paliw XYZ;GG963;OLEJ NAPĘDOWY ;23;5;6,15;34,98;174,9;40,23;215,13
13.03.2024;15:34:46;522973;Stacja Paliw XYZ;FF369;OLEJ NAPĘDOWY ;23;5;6,15;21,6;108;24,84;132,84
13.03.2024;16:20:42;636530;Stacja Paliw XYZ;EE258;OLEJ NAPĘDOWY ;23;5;6,15;24,53;122,65;28,21;150,86
13.03.2024;16:21:24;544385;Stacja Paliw XYZ;II741;OLEJ NAPĘDOWY ;23;5;6,15;65,85;329,25;75,73;404,98
13.03.2024;16:22:07;524723;Stacja Paliw XYZ;JJ159;OLEJ NAPĘDOWY ;23;5;6,15;59,14;295,7;68,01;363,71
13.03.2024;16:22:51;613101;Stacja Paliw XYZ;KK357;OLEJ NAPĘDOWY ;23;5;6,15;79,54;397,7;91,47;489,17
13.03.2024;16:48:33;552217;Stacja Paliw XYZ;EF555;OLEJ NAPĘDOWY ;23;5;6,15;65,36;326,8;75,16;401,96
13.03.2024;17:12:19;559420;Stacja Paliw XYZ;AB111;OLEJ NAPĘDOWY ;23;5;6,15;45,34;226,7;52,14;278,84
13.03.2024;17:43:31;407629;Stacja Paliw XYZ;OO549;OLEJ NAPĘDOWY ;23;5;6,15;89,67;448,35;103,12;551,47
13.03.2024;17:44:44;452003;Stacja Paliw XYZ;CD222;OLEJ NAPĘDOWY ;23;5;6,15;89,17;445,85;102,55;548,4
13.03.2024;17:45:24;547332;Stacja Paliw XYZ;RS4455;OLEJ NAPĘDOWY ;23;5;6,15;91,79;458,95;105,56;564,51
13.03.2024;17:46:09;558433;Stacja Paliw XYZ;WW249;OLEJ NAPĘDOWY ;23;5;6,15;78,63;393,15;90,42;483,57
13.03.2024;17:46:54;576135;Stacja Paliw XYZ;RR549;OLEJ NAPĘDOWY ;23;5;6,15;65,54;327,7;75,37;403,07
13.03.2024;18:10:32;506842;Stacja Paliw XYZ;SS846;OLEJ NAPĘDOWY ;23;5;6,15;73,4;367;84,41;451,41
13.03.2024;18:50:04;508338;Stacja Paliw XYZ;TT549;OLEJ NAPĘDOWY ;23;5;6,15;62,04;310,2;71,35;381,55
13.03.2024;19:02:08;476512;Stacja Paliw XYZ;HH852;OLEJ NAPĘDOWY ;23;5;6,15;80,84;404,2;92,97;497,17
13.03.2024;19:09:38;522816;Stacja Paliw XYZ;NN549;OLEJ NAPĘDOWY ;23;5;6,15;88,21;441,05;101,44;542,49
13.03.2024;19:22:21;534056;Stacja Paliw XYZ;WZ9999;OLEJ NAPĘDOWY ;23;5;6,15;70,26;351,3;80,8;432,1
13.03.2024;22:43:08;539068;Stacja Paliw XYZ;DD147;OLEJ NAPĘDOWY ;23;5;6,15;119,16;595,8;137,03;732,83
13.03.2024;23:07:54;563995;Stacja Paliw XYZ;GH666;OLEJ NAPĘDOWY ;23;5;6,15;123,46;617,3;141,98;759,28
13.03.2024;23:08:46;565074;Stacja Paliw XYZ;UU254;OLEJ NAPĘDOWY ;23;5;6,15;129,9;649,5;149,39;798,89
13.03.2024;23:09:36;556892;Stacja Paliw XYZ;IJ777;OLEJ NAPĘDOWY ;23;5;6,15;98,59;492,95;113,38;606,33
13.03.2024;23:10:23;587988;Stacja Paliw XYZ;BB456;OLEJ NAPĘDOWY ;23;5;6,15;111,51;557,55;128,24;685,79
13.03.2024;23:39:20;610160;Stacja Paliw XYZ;XYZ991;OLEJ NAPĘDOWY ;23;5;6,15;129,48;647,4;148,9;796,3
13.03.2024;23:40:02;394033;Stacja Paliw XYZ;PP549;OLEJ NAPĘDOWY ;23;5;6,15;132,4;662;152,26;814,26
13.03.2024;23:40:44;534902;Stacja Paliw XYZ;KL888;OLEJ NAPĘDOWY ;23;5;6,15;93,82;469,1;107,89;576,99
13.03.2024;23:41:47;505928;Stacja Paliw XYZ;OP226;OLEJ NAPĘDOWY ;23;5;6,15;130,58;652,9;150,17;803,07
13.03.2024;23:42:25;477335;Stacja Paliw XYZ;LL184;OLEJ NAPĘDOWY ;23;5;6,15;123,52;617,6;142,05;759,65
14.03.2024;00:12:03;570617;Stacja Paliw XYZ;TU551;OLEJ NAPĘDOWY ;23;5;6,15;130,62;653,1;150,21;803,31
14.03.2024;00:12:50;614588;Stacja Paliw XYZ;AA123;OLEJ NAPĘDOWY ;23;5;6,15;130,58;652,9;150,17;803,07
14.03.2024;15:25:50;377859;Stacja Paliw XYZ;MN101;OLEJ NAPĘDOWY ;23;5,01;6,16;51,45;257,67;59,26;316,93
14.03.2024;15:40:12;560353;Stacja Paliw XYZ;GG963;OLEJ NAPĘDOWY ;23;5,01;6,16;35,21;176,33;40,56;216,89
14.03.2024;15:40:57;523039;Stacja Paliw XYZ;FF369;OLEJ NAPĘDOWY ;23;5,01;6,16;21,03;105,32;24,22;129,54
14.03.2024;16:07:00;636605;Stacja Paliw XYZ;EE258;OLEJ NAPĘDOWY ;23;5,01;6,16;31,28;156,65;36,03;192,68
14.03.2024;16:07:41;544314;Stacja Paliw XYZ;II741;OLEJ NAPĘDOWY ;23;5,01;6,16;68,35;342,31;78,73;421,04
14.03.2024;16:08:22;565290;Stacja Paliw XYZ;UU254;OLEJ NAPĘDOWY ;23;5,01;6,16;58,06;290,77;66,88;357,65
14.03.2024;16:18:43;394259;Stacja Paliw XYZ;PP549;OLEJ NAPĘDOWY ;23;5,01;6,16;75,45;377,86;86,91;464,77
14.03.2024;16:44:45;476765;Stacja Paliw XYZ;HH852;OLEJ NAPĘDOWY ;23;5,01;6,16;72,32;362,19;83,3;445,49
14.03.2024;17:42:25;441952;Stacja Paliw XYZ;ABCD1;OLEJ NAPĘDOWY ;23;5,01;6,16;37,93;189,96;43,69;233,65
14.03.2024;17:44:08;524962;Stacja Paliw XYZ;JJ159;OLEJ NAPĘDOWY ;23;5,01;6,16;74,05;370,85;85,3;456,15
14.03.2024;17:44:54;407911;Stacja Paliw XYZ;OO549;OLEJ NAPĘDOWY ;23;5,01;6,16;85,55;428,45;98,54;526,99
14.03.2024;17:45:40;452268;Stacja Paliw XYZ;CD222;OLEJ NAPĘDOWY ;23;5,01;6,16;88,97;445,58;102,48;548,06
14.03.2024;17:46:26;614872;Stacja Paliw XYZ;AA123;OLEJ NAPĘDOWY ;23;5,01;6,16;92,96;465,55;107,08;572,63
14.03.2024;17:47:11;558704;Stacja Paliw XYZ;WW249;OLEJ NAPĘDOWY ;23;5,01;6,16;77,88;390,03;89,71;479,74
14.03.2024;17:47:55;576370;Stacja Paliw XYZ;RR549;OLEJ NAPĘDOWY ;23;5,01;6,16;70,42;352,67;81,12;433,79
14.03.2024;18:09:40;507105;Stacja Paliw XYZ;SS846;OLEJ NAPĘDOWY ;23;5,01;6,16;76,35;382,37;87,95;470,32
14.03.2024;18:47:22;508576;Stacja Paliw XYZ;TT549;OLEJ NAPĘDOWY ;23;5,01;6,16;64,19;321,47;73,94;395,41
14.03.2024;18:56:50;477592;Stacja Paliw XYZ;AB111;OLEJ NAPĘDOWY ;23;5,01;6,16;88,5;443,22;101,94;545,16
14.03.2024;19:10:51;559706;Stacja Paliw XYZ;AB111;OLEJ NAPĘDOWY ;23;5,01;6,16;93,3;467,26;107,47;574,73
14.03.2024;19:18:01;588241;Stacja Paliw XYZ;BB456;OLEJ NAPĘDOWY ;23;5,01;6,16;68,1;341,06;78,44;419,5
14.03.2024;22:40:13;570961;Stacja Paliw XYZ;TU551;OLEJ NAPĘDOWY ;23;5,01;6,16;110,41;552,95;127,18;680,13
14.03.2024;23:00:58;523153;Stacja Paliw XYZ;NN549;OLEJ NAPĘDOWY ;23;5,01;6,16;99,76;499,61;114,91;614,52
14.03.2024;23:01:41;564369;Stacja Paliw XYZ;GH666;OLEJ NAPĘDOWY ;23;5,01;6,16;122;610,99;140,53;751,52
14.03.2024;23:02:25;557249;Stacja Paliw XYZ;IJ777;OLEJ NAPĘDOWY ;23;5,01;6,16;100,17;501,67;115,38;617,05
14.03.2024;23:09:02;610521;Stacja Paliw XYZ;XYZ991;OLEJ NAPĘDOWY ;23;5,01;6,16;106,28;532,26;122,42;654,68
14.03.2024;23:23:02;511327;Stacja Paliw XYZ;ZZ729;OLEJ NAPĘDOWY ;23;5,01;6,16;34,29;171,73;39,5;211,23
14.03.2024;23:23:42;613532;Stacja Paliw XYZ;KK357;OLEJ NAPĘDOWY ;23;5,01;6,16;131,23;657,22;151,16;808,38
14.03.2024;23:38:48;506357;Stacja Paliw XYZ;OP226;OLEJ NAPĘDOWY ;23;5,01;6,16;147,32;737,8;169,69;907,49
14.03.2024;23:39:27;535193;Stacja Paliw XYZ;KL888;OLEJ NAPĘDOWY ;23;5,01;6,16;95,09;476,22;109,53;585,75
14.03.2024;23:40:07;552595;Stacja Paliw XYZ;EF555;OLEJ NAPĘDOWY ;23;5,01;6,16;130,24;652,26;150,02;802,28
14.03.2024;23:40:55;534450;Stacja Paliw XYZ;WZ9999;OLEJ NAPĘDOWY ;23;5,01;6,16;122,84;615,2;141,49;756,69
15.03.2024;00:01:59;539488;Stacja Paliw XYZ;DD147;OLEJ NAPĘDOWY ;23;5,01;6,16;117,82;590,06;135,71;725,77
15.03.2024;00:02:42;547763;Stacja Paliw XYZ;RS4455;OLEJ NAPĘDOWY ;23;5,01;6,16;133,29;667,54;153,53;821,07
15.03.2024;15:24:09;378057;Stacja Paliw XYZ;MN101;OLEJ NAPĘDOWY ;23;5,03;6,19;49,84;250,82;57,69;308,51
15.03.2024;15:34:42;560467;Stacja Paliw XYZ;GG963;OLEJ NAPĘDOWY ;23;5,03;6,19;33,35;167,84;38,6;206,44
15.03.2024;15:35:22;523118;Stacja Paliw XYZ;FF369;OLEJ NAPĘDOWY ;23;5,03;6,19;23,16;116,55;26,81;143,36
15.03.2024;16:20:08;476951;Stacja Paliw XYZ;HH852;OLEJ NAPĘDOWY ;23;5,03;6,19;56,51;284,39;65,41;349,8
15.03.2024;16:20:50;544839;Stacja Paliw XYZ;II741;OLEJ NAPĘDOWY ;23;5,03;6,19;68,76;346,03;79,59;425,62
15.03.2024;16:21:33;394481;Stacja Paliw XYZ;EE258;OLEJ NAPĘDOWY ;23;5,03;6,19;37,26;187,51;43,13;230,64
15.03.2024;16:22:16;394481;Stacja Paliw XYZ;PP549;OLEJ NAPĘDOWY ;23;5,03;6,19;73,45;369,64;85,02;454,66
15.03.2024;16:45:03;477798;Stacja Paliw XYZ;LL184;OLEJ NAPĘDOWY ;23;5,03;6,19;61,61;310,06;71,31;381,37
15.03.2024;17:46:40;564594;Stacja Paliw XYZ;GH666;OLEJ NAPĘDOWY ;23;5,03;6,19;68,87;346,59;79,72;426,31
15.03.2024;17:47:23;408193;Stacja Paliw XYZ;OO549;OLEJ NAPĘDOWY ;23;5,03;6,19;90,61;456;104,88;560,88
15.03.2024;17:48:04;548037;Stacja Paliw XYZ;RS4455;OLEJ NAPĘDOWY ;23;5,03;6,19;84,43;424,89;97,73;522,62
15.03.2024;17:48:50;558974;Stacja Paliw XYZ;WW249;OLEJ NAPĘDOWY ;23;5,03;6,19;72,71;365,91;84,16;450,07
15.03.2024;17:49:36;576619;Stacja Paliw XYZ;RR549;OLEJ NAPĘDOWY ;23;5,03;6,19;71,2;358,32;82,41;440,73
15.03.2024;17:50:15;615154;Stacja Paliw XYZ;AA123;OLEJ NAPĘDOWY ;23;5,03;6,19;97,31;489,72;112,63;602,35
15.03.2024;18:12:34;507358;Stacja Paliw XYZ;SS846;OLEJ NAPĘDOWY ;23;5,03;6,19;72,47;364,71;83,88;448,59
15.03.2024;18:48:53;508807;Stacja Paliw XYZ;TT549;OLEJ NAPĘDOWY ;23;5,03;6,19;62,64;315,24;72,5;387,74
15.03.2024;18:49:37;511339;Stacja Paliw XYZ;ZZ729;OLEJ NAPĘDOWY ;23;5,03;6,19;28,39;142,87;32,86;175,73
15.03.2024;18:55:39;525238;Stacja Paliw XYZ;JJ159;OLEJ NAPĘDOWY ;23;5,03;6,19;87,7;441,35;101,51;542,86
15.03.2024;19:10:20;559993;Stacja Paliw XYZ;AB111;OLEJ NAPĘDOWY ;23;5,03;6,19;93,74;471,75;108,5;580,25
15.03.2024;19:23:58;588508;Stacja Paliw XYZ;BB456;OLEJ NAPĘDOWY ;23;5,03;6,19;69,98;352,18;81;433,18
15.03.2024;22:41:29;610868;Stacja Paliw XYZ;XYZ991;OLEJ NAPĘDOWY ;23;5,03;6,19;110,64;556,8;128,06;684,86
15.03.2024;23:11:00;565681;Stacja Paliw XYZ;UU254;OLEJ NAPĘDOWY ;23;5,03;6,19;132,35;666,06;153,19;819,25
15.03.2024;23:11:44;557584;Stacja Paliw XYZ;IJ777;OLEJ NAPĘDOWY ;23;5,03;6,19;102,37;515,18;118,49;633,67
15.03.2024;23:12:29;523506;Stacja Paliw XYZ;NN549;OLEJ NAPĘDOWY ;23;5,03;6,19;95,16;478,89;110,15;589,04
15.03.2024;23:13:11;571319;Stacja Paliw XYZ;TU551;OLEJ NAPĘDOWY ;23;5,03;6,19;110,09;554,03;127,43;681,46
15.03.2024;23:20:42;539920;Stacja Paliw XYZ;DD147;OLEJ NAPĘDOWY ;23;5,03;6,19;129,35;650,96;149,72;800,68
15.03.2024;23:38:06;506787;Stacja Paliw XYZ;OP226;OLEJ NAPĘDOWY ;23;5,03;6,19;143,2;720,66;165,75;886,41
15.03.2024;23:38:45;535485;Stacja Paliw XYZ;KL888;OLEJ NAPĘDOWY ;23;5,03;6,19;92,98;467,93;107,62;575,55
15.03.2024;23:39:25;552975;Stacja Paliw XYZ;EF555;OLEJ NAPĘDOWY ;23;5,03;6,19;125,14;629,77;144,85;774,62
15.03.2024;23:40:08;534833;Stacja Paliw XYZ;WZ9999;OLEJ NAPĘDOWY ;23;5,03;6,19;114,56;576,53;132,6;709,13
16.03.2024;00:02:53;613952;Stacja Paliw XYZ;KK357;OLEJ NAPĘDOWY ;23;5,03;6,19;119,24;600,08;138,02;738,1
16.03.2024;00:03:50;452692;Stacja Paliw XYZ;CD222;OLEJ NAPĘDOWY ;23;5,03;6,19;133,42;671,44;154,43;825,87
16.03.2024;13:43:58;557697;Stacja Paliw XYZ;IJ777;OLEJ NAPĘDOWY ;23;5,09;6,26;38,88;197,88;45,51;243,39
16.03.2024;14:59:57;378203;Stacja Paliw XYZ;MN101;OLEJ NAPĘDOWY ;23;5,09;6,26;39,81;202,61;46,6;249,21
16.03.2024;15:29:07;477924;Stacja Paliw XYZ;LL184;OLEJ NAPĘDOWY ;23;5,09;6,26;46,43;236,3;54,35;290,65
16.03.2024;15:50:33;534968;Stacja Paliw XYZ;WZ9999;OLEJ NAPĘDOWY ;23;5,09;6,26;34,24;174,26;40,08;214,34
16.03.2024;15:57:46;508976;Stacja Paliw XYZ;TT549;OLEJ NAPĘDOWY ;23;5,09;6,26;49,27;250,76;57,67;308,43
16.03.2024;16:17:06;565993;Stacja Paliw XYZ;UU254;OLEJ NAPĘDOWY ;23;5,09;6,26;69,49;353,67;81,34;435,01
16.03.2024;16:17:54;507954;Stacja Paliw XYZ;OP226;OLEJ NAPĘDOWY ;23;5,09;6,26;69,03;351,33;80,8;432,13
16.03.2024;19:12:31;477226;Stacja Paliw XYZ;HH852;OLEJ NAPĘDOWY ;23;5,09;6,26;88,17;448,73;103,21;551,94
16.03.2024;20:32:12;523846;Stacja Paliw XYZ;NN549;OLEJ NAPĘDOWY ;23;5,09;6,26;99,14;504,57;116,05;620,62
16.03.2024;22:01:25;614317;Stacja Paliw XYZ;KK357;OLEJ NAPĘDOWY ;23;5,09;6,26;100,3;510,47;117,41;627,88
16.03.2024;22:47:27;535793;Stacja Paliw XYZ;KL888;OLEJ NAPĘDOWY ;23;5,09;6,26;95,25;484,77;111,5;596,27
16.03.2024;22:48:09;615509;Stacja Paliw XYZ;AA123;OLEJ NAPĘDOWY ;23;5,09;6,26;113,06;575,41;132,35;707,76
16.03.2024;22:52:41;545172;Stacja Paliw XYZ;II741;OLEJ NAPĘDOWY ;23;5,09;6,26;95,67;486,9;111,99;598,89
16.03.2024;23:15:14;571702;Stacja Paliw XYZ;TU551;OLEJ NAPĘDOWY ;23;5,09;6,26;113,85;579,43;133,27;712,7
16.03.2024;23:15:54;564957;Stacja Paliw XYZ;GH666;OLEJ NAPĘDOWY ;23;5,09;6,26;118,49;603,05;138,7;741,75
16.03.2024;23:23:14;507709;Stacja Paliw XYZ;SS846;OLEJ NAPĘDOWY ;23;5,09;6,26;100,63;512,15;117,79;629,94
16.03.2024;23:52:17;453071;Stacja Paliw XYZ;TT549;OLEJ NAPĘDOWY ;23;5,09;6,26;110,31;561,41;129,13;690,54
16.03.2024;23:53:06;577025;Stacja Paliw XYZ;RR549;OLEJ NAPĘDOWY ;23;5,09;6,26;126,25;642,54;147,79;790,33
17.03.2024;22:08:07;536031;Stacja Paliw XYZ;KL888;OLEJ NAPĘDOWY ;23;5,09;6,26;72;366,44;84,28;450,72
17.03.2024;22:08:49;560194;Stacja Paliw XYZ;AB111;OLEJ NAPĘDOWY ;23;5,09;6,26;66;335,9;77,26;413,16
17.03.2024;22:09:34;477465;Stacja Paliw XYZ;HH852;OLEJ NAPĘDOWY ;23;5,09;6,26;70;356,26;81,94;438,2
17.03.2024;22:10:12;511648;Stacja Paliw XYZ;ZZ729;OLEJ NAPĘDOWY ;23;5,09;6,26;79,01;402,11;92,49;494,6
17.03.2024;22:10:51;614623;Stacja Paliw XYZ;KK357;OLEJ NAPĘDOWY ;23;5,09;6,26;83;422,42;97,16;519,58
17.03.2024;22:11:32;566128;Stacja Paliw XYZ;UU254;OLEJ NAPĘDOWY ;23;5,09;6,26;71;361,35;83,11;444,46
17.03.2024;22:12:11;453189;Stacja Paliw XYZ;CD222;OLEJ NAPĘDOWY ;23;5,09;6,26;39;198,49;45,65;244,14
17.03.2024;22:53:30;615847;Stacja Paliw XYZ;AA123;OLEJ NAPĘDOWY ;23;5,09;6,26;104;529,3;121,74;651,04
17.03.2024;22:54:14;545408;Stacja Paliw XYZ;II741;OLEJ NAPĘDOWY ;23;5,09;6,26;71,01;361,4;83,12;444,52
17.03.2024;22:54:52;558029;Stacja Paliw XYZ;IJ777;OLEJ NAPĘDOWY ;23;5,09;6,26;104;529,3;121,74;651,04
17.03.2024;22:55:32;565149;Stacja Paliw XYZ;GH666;OLEJ NAPĘDOWY ;23;5,09;6,26;56;285,01;65,55;350,56
17.03.2024;22:56:17;540268;Stacja Paliw XYZ;DD147;OLEJ NAPĘDOWY ;23;5,09;6,26;96,01;488,63;112,39;601,02
17.03.2024;23:50:26;559372;Stacja Paliw XYZ;WW249;OLEJ NAPĘDOWY ;23;5,09;6,26;106;539,48;124,08;663,56
18.03.2024;14:50:54;560524;Stacja Paliw XYZ;GG963;OLEJ NAPĘDOWY ;23;5,09;6,26;26,42;134,46;30,93;165,39
18.03.2024;15:23:46;378400;Stacja Paliw XYZ;MN101;OLEJ NAPĘDOWY ;23;5,09;6,26;53,3;271,27;62,39;333,66
18.03.2024;15:32:27;523199;Stacja Paliw XYZ;FF369;OLEJ NAPĘDOWY ;23;5,09;6,26;29,56;150,45;34,6;185,05
18.03.2024;15:33:07;636822;Stacja Paliw XYZ;EE258;OLEJ NAPĘDOWY ;23;5,09;6,26;41,8;212,74;48,93;261,67
18.03.2024;16:17:40;477640;Stacja Paliw XYZ;HH852;OLEJ NAPĘDOWY ;23;5,09;6,26;53,85;274,07;63,03;337,1
18.03.2024;16:18:25;545634;Stacja Paliw XYZ;II741;OLEJ NAPĘDOWY ;23;5,09;6,26;69,42;353,31;81,26;434,57
18.03.2024;16:19:07;525438;Stacja Paliw XYZ;JJ159;OLEJ NAPĘDOWY ;23;5,09;6,26;59,28;301,7;69,39;371,09
18.03.2024;16:20:00;565374;Stacja Paliw XYZ;GH666;OLEJ NAPĘDOWY ;23;5,09;6,26;81,39;414,23;95,27;509,5
18.03.2024;16:51:22;478131;Stacja Paliw XYZ;LL184;OLEJ NAPĘDOWY ;23;5,09;6,26;69,81;355,29;81,72;437,01
18.03.2024;17:06:10;540436;Stacja Paliw XYZ;DD147;OLEJ NAPĘDOWY ;23;5,09;6,26;51,39;261,54;60,16;321,7
18.03.2024;17:43:05;408475;Stacja Paliw XYZ;OO549;OLEJ NAPĘDOWY ;23;5,09;6,26;92,93;472,96;108,78;581,74
18.03.2024;17:44:12;453457;Stacja Paliw XYZ;CD222;OLEJ NAPĘDOWY ;23;5,09;6,26;97,67;497,08;114,33;611,41
18.03.2024;17:45:08;548309;Stacja Paliw XYZ;RS4455;OLEJ NAPĘDOWY ;23;5,09;6,26;89,69;456,47;104,99;561,46
18.03.2024;17:45:51;559643;Stacja Paliw XYZ;WW249;OLEJ NAPĘDOWY ;23;5,09;6,26;73,77;375,45;86,35;461,8
18.03.2024;17:46:57;553076;Stacja Paliw XYZ;EF555;OLEJ NAPĘDOWY ;23;5,09;6,26;34,05;173,29;39,86;213,15
18.03.2024;17:48:00;616129;Stacja Paliw XYZ;AA123;OLEJ NAPĘDOWY ;23;5,09;6,26;99,1;504,37;116;620,37
18.03.2024;18:06:00;524094;Stacja Paliw XYZ;NN549;OLEJ NAPĘDOWY ;23;5,09;6,26;69,34;352,9;81,17;434,07
18.03.2024;18:44:06;509206;Stacja Paliw XYZ;TT549;OLEJ NAPĘDOWY ;23;5,09;6,26;66,03;336,06;77,29;413,35
18.03.2024;18:56:22;511887;Stacja Paliw XYZ;ZZ729;OLEJ NAPĘDOWY ;23;5,09;6,26;83,05;422,67;97,22;519,89
18.03.2024;18:57:06;616158;Stacja Paliw XYZ;AA123;OLEJ NAPĘDOWY ;23;5,09;6,26;10,45;53,19;12,23;65,42
18.03.2024;19:10:38;560481;Stacja Paliw XYZ;AB111;OLEJ NAPĘDOWY ;23;5,09;6,26;93,82;477,49;109,82;587,31
18.03.2024;19:21:00;475387;Stacja Paliw XYZ;MM549;OLEJ NAPĘDOWY ;23;5,09;6,26;73,22;372,65;85,71;458,36
18.03.2024;22:35:11;577176;Stacja Paliw XYZ;RR549;OLEJ NAPĘDOWY ;23;5,09;6,26;51,39;261,54;60,16;321,7
18.03.2024;23:01:48;394824;Stacja Paliw XYZ;PP549;OLEJ NAPĘDOWY ;23;5,09;6,26;116,29;591,85;136,13;727,98
18.03.2024;23:10:31;566520;Stacja Paliw XYZ;UU254;OLEJ NAPĘDOWY ;23;5,09;6,26;130,62;664,78;152,9;817,68
18.03.2024;23:11:11;588881;Stacja Paliw XYZ;BB456;OLEJ NAPĘDOWY ;23;5,09;6,26;118,51;603,15;138,72;741,87
18.03.2024;23:11:50;558381;Stacja Paliw XYZ;IJ777;OLEJ NAPĘDOWY ;23;5,09;6,26;103,64;527,47;121,32;648,79
18.03.2024;23:12:29;614983;Stacja Paliw XYZ;KK357;OLEJ NAPĘDOWY ;23;5,09;6,26;116,6;593,43;136,49;729,92
18.03.2024;23:40:04;611318;Stacja Paliw XYZ;XYZ991;OLEJ NAPĘDOWY ;23;5,09;6,26;138,51;704,93;162,14;867,07
18.03.2024;23:40:56;507389;Stacja Paliw XYZ;OP226;OLEJ NAPĘDOWY ;23;5,09;6,26;150,98;768,4;176,73;945,13
18.03.2024;23:41:46;536325;Stacja Paliw XYZ;KL888;OLEJ NAPĘDOWY ;23;5,09;6,26;98,35;500,54;115,13;615,67
18.03.2024;23:42:29;572078;Stacja Paliw XYZ;TU551;OLEJ NAPĘDOWY ;23;5,09;6,26;122,65;624,22;143,57;767,79
18.03.2024;23:43:21;535355;Stacja Paliw XYZ;WZ9999;OLEJ NAPĘDOWY ;23;5,09;6,26;124,13;631,75;145,3;777,05
18.03.2024;23:59:17;508132;Stacja Paliw XYZ;SS846;OLEJ NAPĘDOWY ;23;5,09;6,26;131,23;667,89;153,61;821,5
18.03.2024;23:59:59;453608;Stacja Paliw XYZ;CD222;OLEJ NAPĘDOWY ;23;5,09;6,26;37,63;191,51;44,05;235,56
19.03.2024;15:01:36;636849;Stacja Paliw XYZ;EE258;OLEJ NAPĘDOWY ;23;5,14;6,32;15,3;78,62;18,08;96,7
19.03.2024;15:23:02;378598;Stacja Paliw XYZ;MN101;OLEJ NAPĘDOWY ;23;5,14;6,32;51,7;265,64;61,1;326,74
19.03.2024;15:33:27;560644;Stacja Paliw XYZ;GG963;OLEJ NAPĘDOWY ;23;5,14;6,32;33,12;170,18;39,14;209,32
19.03.2024;15:34:15;523565;Stacja Paliw XYZ;FF369;OLEJ NAPĘDOWY ;23;5,14;6,32;24,57;126,24;29,04;155,28
19.03.2024;16:04:17;477815;Stacja Paliw XYZ;HH852;OLEJ NAPĘDOWY ;23;5,14;6,32;51,4;264,11;60,74;324,85
19.03.2024;16:04:59;611430;Stacja Paliw XYZ;XYZ991;OLEJ NAPĘDOWY ;23;5,14;6,32;36,6;188,06;43,25;231,31
19.03.2024;16:05:43;525636;Stacja Paliw XYZ;JJ159;OLEJ NAPĘDOWY ;23;5,14;6,32;57;292,88;67,36;360,24
19.03.2024;16:49:22;478371;Stacja Paliw XYZ;LL184;OLEJ NAPĘDOWY ;23;5,14;6,32;76,37;392,41;90,25;482,66
19.03.2024;17:08:53;540630;Stacja Paliw XYZ;DD147;OLEJ NAPĘDOWY ;23;5,14;6,32;55,95;287,48;66,12;353,6
19.03.2024;17:27:11;408757;Stacja Paliw XYZ;OO549;OLEJ NAPĘDOWY ;23;5,14;6,32;86,16;442,71;101,82;544,53
19.03.2024;17:34:25;548582;Stacja Paliw XYZ;RS4455;OLEJ NAPĘDOWY ;23;5,14;6,32;87,2;448,05;103,05;551,1
19.03.2024;17:35:05;559912;Stacja Paliw XYZ;WW249;OLEJ NAPĘDOWY ;23;5,14;6,32;75,47;387,78;89,19;476,97
19.03.2024;17:43:35;577411;Stacja Paliw XYZ;RR549;OLEJ NAPĘDOWY ;23;5,14;6,32;69,8;358,65;82,49;441,14
19.03.2024;18:01:48;589133;Stacja Paliw XYZ;BB456;OLEJ NAPĘDOWY ;23;5,14;6,32;76,22;391,63;90,08;481,71
19.03.2024;18:11:52;395069;Stacja Paliw XYZ;PP549;OLEJ NAPĘDOWY ;23;5,14;6,32;69,69;358,08;82,36;440,44
19.03.2024;18:45:56;509437;Stacja Paliw XYZ;TT549;OLEJ NAPĘDOWY ;23;5,14;6,32;67,05;344,52;79,24;423,76
19.03.2024;18:54:41;512070;Stacja Paliw XYZ;ZZ729;OLEJ NAPĘDOWY ;23;5,14;6,32;64,12;329,46;75,78;405,24
19.03.2024;19:11:00;560564;Stacja Paliw XYZ;AB111;OLEJ NAPĘDOWY ;23;5,14;6,32;94,04;483,2;111,13;594,33
19.03.2024;19:21:58;476640;Stacja Paliw XYZ;MM549;OLEJ NAPĘDOWY ;23;5,14;6,32;73,1;375,6;86,39;461,99
19.03.2024;22:46:26;615332;Stacja Paliw XYZ;KK357;OLEJ NAPĘDOWY ;23;5,14;6,32;113,87;585,09;134,57;719,66
19.03.2024;23:05:52;566910;Stacja Paliw XYZ;UU254;OLEJ NAPĘDOWY ;23;5,14;6,32;127,09;653,02;150,19;803,21
19.03.2024;23:11:42;524451;Stacja Paliw XYZ;NN549;OLEJ NAPĘDOWY ;23;5,14;6,32;105,19;540,49;124,31;664,8
19.03.2024;23:12:49;565748;Stacja Paliw XYZ;GH666;OLEJ NAPĘDOWY ;23;5,14;6,32;125,48;644,74;148,29;793,03
19.03.2024;23:13:29;558731;Stacja Paliw XYZ;IJ777;OLEJ NAPĘDOWY ;23;5,14;6,32;100,9;518,45;119,24;637,69
19.03.2024;23:23:36;572508;Stacja Paliw XYZ;TU551;OLEJ NAPĘDOWY ;23;5,14;6,32;128,08;658,11;151,36;809,47
19.03.2024;23:43:47;553434;Stacja Paliw XYZ;EF555;OLEJ NAPĘDOWY ;23;5,14;6,32;118,6;609,39;140,16;749,55
19.03.2024;23:44:32;507817;Stacja Paliw XYZ;OP226;OLEJ NAPĘDOWY ;23;5,14;6,32;148,6;763,54;175,61;939,15
19.03.2024;23:45:13;536621;Stacja Paliw XYZ;KL888;OLEJ NAPĘDOWY ;23;5,14;6,32;93,45;480,16;110,44;590,6
19.03.2024;23:45:50;535742;Stacja Paliw XYZ;WZ9999;OLEJ NAPĘDOWY ;23;5,14;6,32;115,51;593,51;136,51;730,02
20.03.2024;00:00:37;454023;Stacja Paliw XYZ;CD222;OLEJ NAPĘDOWY ;23;5,14;6,32;129,27;664,22;152,77;816,99
20.03.2024;00:01:17;508553;Stacja Paliw XYZ;SS846;OLEJ NAPĘDOWY ;23;5,14;6,32;131,94;677,93;155,93;833,86
20.03.2024;00:07:30;616438;Stacja Paliw XYZ;AA123;OLEJ NAPĘDOWY ;23;5,14;6,32;93,76;481,76;110,8;592,56
20.03.2024;15:04:27;636878;Stacja Paliw XYZ;EE258;OLEJ NAPĘDOWY ;23;5,18;6,37;12,96;67,12;15,44;82,56
20.03.2024;15:05:34;545751;Stacja Paliw XYZ;II741;OLEJ NAPĘDOWY ;23;5,18;6,37;40,75;211,04;48,54;259,58
20.03.2024;15:23:29;378796;Stacja Paliw XYZ;MN101;OLEJ NAPĘDOWY ;23;5,18;6,37;50,1;259,46;59,68;319,14
20.03.2024;15:33:30;560758;Stacja Paliw XYZ;GG963;OLEJ NAPĘDOWY ;23;5,18;6,37;35,5;183,85;42,29;226,14
20.03.2024;15:34:13;523332;Stacja Paliw XYZ;FF369;OLEJ NAPĘDOWY ;23;5,18;6,37;21,51;111,4;25,62;137,02
20.03.2024;16:14:52;477990;Stacja Paliw XYZ;HH852;OLEJ NAPĘDOWY ;23;5,18;6,37;51,95;269,04;61,88;330,92
20.03.2024;16:15:41;395293;Stacja Paliw XYZ;PP549;OLEJ NAPĘDOWY ;23;5,18;6,37;70,41;364,64;83,87;448,51
20.03.2024;16:16:31;611629;Stacja Paliw XYZ;XYZ991;OLEJ NAPĘDOWY ;23;5,18;6,37;56,78;294,06;67,63;361,69
20.03.2024;16:17:10;553660;Stacja Paliw XYZ;EF555;OLEJ NAPĘDOWY ;23;5,18;6,37;77,84;403,12;92,72;495,84
20.03.2024;16:46:22;478577;Stacja Paliw XYZ;LL184;OLEJ NAPĘDOWY ;23;5,18;6,37;61,67;319,38;73,46;392,84
20.03.2024;17:43:47;540796;Stacja Paliw XYZ;DD147;OLEJ NAPĘDOWY ;23;5,18;6,37;49,7;257,39;59,2;316,59
20.03.2024;17:44:33;409040;Stacja Paliw XYZ;OO549;OLEJ NAPĘDOWY ;23;5,18;6,37;88,91;460,46;105,9;566,36
20.03.2024;17:45:18;548854;Stacja Paliw XYZ;RS4455;OLEJ NAPĘDOWY ;23;5,18;6,37;84,62;438,24;100,79;539,03
20.03.2024;17:46:02;560180;Stacja Paliw XYZ;WW249;OLEJ NAPĘDOWY ;23;5,18;6,37;72,63;376,14;86,51;462,65
20.03.2024;17:46:44;577646;Stacja Paliw XYZ;RR549;OLEJ NAPĘDOWY ;23;5,18;6,37;66,38;343,77;79,07;422,84
20.03.2024;17:47:27;616718;Stacja Paliw XYZ;AA123;OLEJ NAPĘDOWY ;23;5,18;6,37;89,84;465,27;107,01;572,28
20.03.2024;18:13:24;524698;Stacja Paliw XYZ;NN549;OLEJ NAPĘDOWY ;23;5,18;6,37;66,19;342,79;78,84;421,63
20.03.2024;18:44:09;509667;Stacja Paliw XYZ;TT549;OLEJ NAPĘDOWY ;23;5,18;6,37;62,69;324,67;74,67;399,34
20.03.2024;18:55:47;512314;Stacja Paliw XYZ;ZZ729;OLEJ NAPĘDOWY ;23;5,18;6,37;79,76;413,07;95;508,07
20.03.2024;19:09:36;561049;Stacja Paliw XYZ;AB111;OLEJ NAPĘDOWY ;23;5,18;6,37;88,3;457,29;105,18;562,47
20.03.2024;19:22:34;475892;Stacja Paliw XYZ;MM549;OLEJ NAPĘDOWY ;23;5,18;6,37;70,94;367,39;84,5;451,89
20.03.2024;22:45:20;525981;Stacja Paliw XYZ;JJ159;OLEJ NAPĘDOWY ;23;5,18;6,37;111,21;575,94;132,47;708,41
20.03.2024;23:11:08;567300;Stacja Paliw XYZ;UU254;OLEJ NAPĘDOWY ;23;5,18;6,37;131,06;678,74;156,11;834,85
20.03.2024;23:12:30;566122;Stacja Paliw XYZ;GH666;OLEJ NAPĘDOWY ;23;5,18;6,37;121,81;630,84;145,09;775,93
20.03.2024;23:13:20;559081;Stacja Paliw XYZ;IJ777;OLEJ NAPĘDOWY ;23;5,18;6,37;102,81;532,44;122,46;654,9
20.03.2024;23:14:22;615692;Stacja Paliw XYZ;KK357;OLEJ NAPĘDOWY ;23;5,18;6,37;107,1;554,66;127,57;682,23
20.03.2024;23:21:50;589563;Stacja Paliw XYZ;BB456;OLEJ NAPĘDOWY ;23;5,18;6,37;125,72;651,09;149,75;800,84
20.03.2024;23:39:55;508248;Stacja Paliw XYZ;OP226;OLEJ NAPĘDOWY ;23;5,18;6,37;146,28;757,56;174,24;931,8
20.03.2024;23:40:39;536916;Stacja Paliw XYZ;KL888;OLEJ NAPĘDOWY ;23;5,18;6,37;91,83;475,58;109,38;584,96
20.03.2024;23:41:19;572882;Stacja Paliw XYZ;TU551;OLEJ NAPĘDOWY ;23;5,18;6,37;119,26;617,63;142,06;759,69
20.03.2024;23:41:57;536129;Stacja Paliw XYZ;WZ9999;OLEJ NAPĘDOWY ;23;5,18;6,37;117,76;609,86;140,27;750,13
21.03.2024;00:02:11;454438;Stacja Paliw XYZ;CD222;OLEJ NAPĘDOWY ;23;5,18;6,37;125,72;651,09;149,75;800,84
21.03.2024;00:02:55;508972;Stacja Paliw XYZ;SS846;OLEJ NAPĘDOWY ;23;5,18;6,37;128,43;665,12;152,98;818,1
21.03.2024;15:37:46;636903;Stacja Paliw XYZ;EE258;OLEJ NAPĘDOWY ;23;5,15;6,33;11,27;58;13,34;71,34
21.03.2024;15:38:56;378995;Stacja Paliw XYZ;MN101;OLEJ NAPĘDOWY ;23;5,15;6,33;50,07;257,67;59,27;316,94
21.03.2024;15:39:41;560887;Stacja Paliw XYZ;GG963;OLEJ NAPĘDOWY ;23;5,15;6,33;37,01;190,46;43,81;234,27
21.03.2024;15:40:22;523399;Stacja Paliw XYZ;FF369;OLEJ NAPĘDOWY ;23;5,15;6,33;22,31;114,81;26,41;141,22
21.03.2024;16:04:00;478198;Stacja Paliw XYZ;HH852;OLEJ NAPĘDOWY ;23;5,15;6,33;59,96;308,58;70,97;379,55
21.03.2024;16:04:44;476102;Stacja Paliw XYZ;MM549;OLEJ NAPĘDOWY ;23;5,15;6,33;68,11;350,52;80,62;431,14
21.03.2024;16:05:23;611829;Stacja Paliw XYZ;XYZ991;OLEJ NAPĘDOWY ;23;5,15;6,33;59,05;303,89;69,9;373,79
21.03.2024;16:16:45;561234;Stacja Paliw XYZ;AB111;OLEJ NAPĘDOWY ;23;5,15;6,33;59,9;308,27;70,9;379,17
21.03.2024;16:48:03;478784;Stacja Paliw XYZ;LL184;OLEJ NAPĘDOWY ;23;5,15;6,33;65,14;335,24;77,1;412,34
21.03.2024;17:06:29;541003;Stacja Paliw XYZ;DD147;OLEJ NAPĘDOWY ;23;5,15;6,33;60,35;310,59;71,43;382,02
21.03.2024;17:36:03;409321;Stacja Paliw XYZ;OO549;OLEJ NAPĘDOWY ;23;5,15;6,33;87,24;448,97;103,26;552,23
21.03.2024;17:36:43;616998;Stacja Paliw XYZ;AA123;OLEJ NAPĘDOWY ;23;5,15;6,33;94,44;486,02;111,79;597,81
21.03.2024;17:37:22;549127;Stacja Paliw XYZ;RS4455;OLEJ NAPĘDOWY ;23;5,15;6,33;83,77;431,11;99,15;530,26
21.03.2024;17:38:00;560449;Stacja Paliw XYZ;WW249;OLEJ NAPĘDOWY ;23;5,15;6,33;72,5;373,11;85,82;458,93
21.03.2024;17:42:24;577881;Stacja Paliw XYZ;RR549;OLEJ NAPĘDOWY ;23;5,15;6,33;69,79;359,16;82,61;441,77
21.03.2024;18:10:58;524943;Stacja Paliw XYZ;NN549;OLEJ NAPĘDOWY ;23;5,15;6,33;64,49;331,89;76,33;408,22
21.03.2024;18:45:53;509897;Stacja Paliw XYZ;TT549;OLEJ NAPĘDOWY ;23;5,15;6,33;65,87;338,99;77,97;416,96
21.03.2024;18:54:18;512547;Stacja Paliw XYZ;ZZ729;OLEJ NAPĘDOWY ;23;5,15;6,33;78,64;404,71;93,08;497,79
21.03.2024;19:12:09;567496;Stacja Paliw XYZ;UU254;OLEJ NAPĘDOWY ;23;5,15;6,33;65,17;335,39;77,14;412,53
21.03.2024;19:23:47;395611;Stacja Paliw XYZ;PP549;OLEJ NAPĘDOWY ;23;5,15;6,33;103,82;534,29;122,89;657,18
21.03.2024;22:45:39;573226;Stacja Paliw XYZ;TU551;OLEJ NAPĘDOWY ;23;5,15;6,33;112,22;577,52;132,83;710,35
21.03.2024;23:11:10;554052;Stacja Paliw XYZ;EF555;OLEJ NAPĘDOWY ;23;5,15;6,33;138,95;715,08;164,47;879,55
21.03.2024;23:11:48;566496;Stacja Paliw XYZ;GH666;OLEJ NAPĘDOWY ;23;5,15;6,33;120,47;619,98;142,6;762,58
21.03.2024;23:12:28;559428;Stacja Paliw XYZ;IJ777;OLEJ NAPĘDOWY ;23;5,15;6,33;99,57;512,42;117,86;630,28
21.03.2024;23:13:07;589920;Stacja Paliw XYZ;BB456;OLEJ NAPĘDOWY ;23;5,15;6,33;103,57;533,01;122,59;655,6
21.03.2024;23:20:16;616122;Stacja Paliw XYZ;KK357;OLEJ NAPĘDOWY ;23;5,15;6,33;125,98;648,33;149,12;797,45
21.03.2024;23:40:07;508679;Stacja Paliw XYZ;OP226;OLEJ NAPĘDOWY ;23;5,15;6,33;146,83;755,63;173,8;929,43
21.03.2024;23:41:52;537210;Stacja Paliw XYZ;KL888;OLEJ NAPĘDOWY ;23;5,15;6,33;88,29;454,37;104,51;558,88
21.03.2024;23:42:39;526357;Stacja Paliw XYZ;JJ159;OLEJ NAPĘDOWY ;23;5,15;6,33;113,81;585,71;134,71;720,42
21.03.2024;23:43:19;536516;Stacja Paliw XYZ;WZ9999;OLEJ NAPĘDOWY ;23;5,15;6,33;115,09;592,29;136,23;728,52
22.03.2024;00:02:45;509371;Stacja Paliw XYZ;SS846;OLEJ NAPĘDOWY ;23;5,15;6,33;130,57;671,96;154,55;826,51
22.03.2024;00:03:25;454854;Stacja Paliw XYZ;CD222;OLEJ NAPĘDOWY ;23;5,15;6,33;125,51;645,92;148,56;794,48
22.03.2024;15:03:48;611982;Stacja Paliw XYZ;XYZ991;OLEJ NAPĘDOWY ;23;5,08;6,25;53,82;273,48;62,9;336,38
22.03.2024;15:10:32;636931;Stacja Paliw XYZ;EE258;OLEJ NAPĘDOWY ;23;5,08;6,25;13,33;67,73;15,58;83,31
22.03.2024;15:23:57;379194;Stacja Paliw XYZ;MN101;OLEJ NAPĘDOWY ;23;5,08;6,25;52,46;266,57;61,31;327,88
22.03.2024;15:37:02;561000;Stacja Paliw XYZ;GG963;OLEJ NAPĘDOWY ;23;5,08;6,25;34,21;173,83;39,98;213,81
22.03.2024;15:37:45;523465;Stacja Paliw XYZ;FF369;OLEJ NAPĘDOWY ;23;5,08;6,25;20,25;102,89;23,67;126,56
22.03.2024;16:18:51;478374;Stacja Paliw XYZ;HH852;OLEJ NAPĘDOWY ;23;5,08;6,25;55,13;280,13;64,43;344,56
22.03.2024;16:19:37;395833;Stacja Paliw XYZ;PP549;OLEJ NAPĘDOWY ;23;5,08;6,25;75,05;381,35;87,71;469,06
22.03.2024;16:26:58;546018;Stacja Paliw XYZ;II741;OLEJ NAPĘDOWY ;23;5,08;6,25;89,38;454,17;104,46;558,63
22.03.2024;16:56:04;478992;Stacja Paliw XYZ;LL184;OLEJ NAPĘDOWY ;23;5,08;6,25;63,8;324,19;74,56;398,75
22.03.2024;17:12:26;541170;Stacja Paliw XYZ;DD147;OLEJ NAPĘDOWY ;23;5,08;6,25;49,7;252,54;58,09;310,63
22.03.2024;17:13:12;566706;Stacja Paliw XYZ;GH666;OLEJ NAPĘDOWY ;23;5,08;6,25;61,09;310,41;71,4;381,81
22.03.2024;17:34:53;409603;Stacja Paliw XYZ;OO549;OLEJ NAPĘDOWY ;23;5,08;6,25;87,2;443,09;101,91;545
22.03.2024;17:36:03;549403;Stacja Paliw XYZ;RS4455;OLEJ NAPĘDOWY ;23;5,08;6,25;86,98;441,98;101,65;543,63
22.03.2024;17:36:43;560717;Stacja Paliw XYZ;WW249;OLEJ NAPĘDOWY ;23;5,08;6,25;71,34;362,5;83,38;445,88
22.03.2024;17:37:22;617277;Stacja Paliw XYZ;AA123;OLEJ NAPĘDOWY ;23;5,08;6,25;92,88;471,95;108,55;580,5
22.03.2024;18:09:15;525191;Stacja Paliw XYZ;NN549;OLEJ NAPĘDOWY ;23;5,08;6,25;66,14;336,08;77,3;413,38
22.03.2024;18:57:40;512786;Stacja Paliw XYZ;ZZ729;OLEJ NAPĘDOWY ;23;5,08;6,25;80,48;408,94;94,06;503
22.03.2024;19:13:10;455118;Stacja Paliw XYZ;CD222;OLEJ NAPĘDOWY ;23;5,08;6,25;90,54;460,07;105,81;565,88
22.03.2024;19:14:57;578096;Stacja Paliw XYZ;RR549;OLEJ NAPĘDOWY ;23;5,08;6,25;66,56;338,21;77,79;416
22.03.2024;19:15:36;510096;Stacja Paliw XYZ;TT549;OLEJ NAPĘDOWY ;23;5,08;6,25;55,26;280,8;64,58;345,38
22.03.2024;19:16:15;561518;Stacja Paliw XYZ;AB111;OLEJ NAPĘDOWY ;23;5,08;6,25;92,96;472,36;108,64;581
22.03.2024;20:08:30;476351;Stacja Paliw XYZ;MM549;OLEJ NAPĘDOWY ;23;5,08;6,25;72,91;370,48;85,21;455,69
22.03.2024;22:46:10;590266;Stacja Paliw XYZ;BB456;OLEJ NAPĘDOWY ;23;5,08;6,25;108,9;553,36;127,27;680,63
22.03.2024;22:59:52;544445;Stacja Paliw XYZ;EF555;OLEJ NAPĘDOWY ;23;5,08;6,25;131,13;666,31;153,25;819,56
22.03.2024;23:00:38;559777;Stacja Paliw XYZ;IJ777;OLEJ NAPĘDOWY ;23;5,08;6,25;105,48;535,98;123,27;659,25
22.03.2024;23:07:50;567719;Stacja Paliw XYZ;UU254;OLEJ NAPĘDOWY ;23;5,08;6,25;70,08;356,1;81,9;438
22.03.2024;23:13:35;526715;Stacja Paliw XYZ;JJ159;OLEJ NAPĘDOWY ;23;5,08;6,25;103,68;526,83;121,17;648
22.03.2024;23:23:18;573655;Stacja Paliw XYZ;TU551;OLEJ NAPĘDOWY ;23;5,08;6,25;128,64;653,66;150,34;804
22.03.2024;23:38:35;509110;Stacja Paliw XYZ;OP226;OLEJ NAPĘDOWY ;23;5,08;6,25;146,72;745,53;171,47;917
22.03.2024;23:39:21;537502;Stacja Paliw XYZ;KL888;OLEJ NAPĘDOWY ;23;5,08;6,25;100,06;508,44;116,94;625,38
22.03.2024;23:40:42;536902;Stacja Paliw XYZ;WZ9999;OLEJ NAPĘDOWY ;23;5,08;6,25;118,62;602,75;138,63;741,38
22.03.2024;23:41:20;616496;Stacja Paliw XYZ;KK357;OLEJ NAPĘDOWY ;23;5,08;6,25;114,84;583,54;134,21;717,75
23.03.2024;00:01:08;560867;Stacja Paliw XYZ;WW249;OLEJ NAPĘDOWY ;23;5,08;6,25;38,92;197,76;45,49;243,25
23.03.2024;00:01:53;509809;Stacja Paliw XYZ;SS846;OLEJ NAPĘDOWY ;23;5,08;6,25;133,43;678;155,94;833,94
23.03.2024;08:10:41;0;Stacja Paliw XYZ;CC789;OLEJ NAPĘDOWY ;23;5,11;6,29;20;102,28;23,52;125,8
23.03.2024;13:41:06;478486;Stacja Paliw XYZ;HH852;OLEJ NAPĘDOWY ;23;5,11;6,29;38,92;199,03;45,78;244,81
23.03.2024;14:56:16;537049;Stacja Paliw XYZ;WZ9999;OLEJ NAPĘDOWY ;23;5,11;6,29;53,64;274,31;63,09;337,4
23.03.2024;15:28:46;479114;Stacja Paliw XYZ;MM549;OLEJ NAPĘDOWY ;23;5,11;6,29;44,3;226,54;52,11;278,65
23.03.2024;15:47:52;476490;Stacja Paliw XYZ;MM549;OLEJ NAPĘDOWY ;23;5,11;6,29;43,61;223,02;51,29;274,31
23.03.2024;15:57:13;510264;Stacja Paliw XYZ;TT549;OLEJ NAPĘDOWY ;23;5,11;6,29;56,09;286,84;65,97;352,81
23.03.2024;16:13:12;554658;Stacja Paliw XYZ;EF555;OLEJ NAPĘDOWY ;23;5,11;6,29;74,24;379,65;87,32;466,97
23.03.2024;16:20:04;509277;Stacja Paliw XYZ;OP226;OLEJ NAPĘDOWY ;23;5,11;6,29;64,66;330,66;76,05;406,71
23.03.2024;19:14:48;537774;Stacja Paliw XYZ;KL888;OLEJ NAPĘDOWY ;23;5,11;6,29;99,52;508,93;117,05;625,98
23.03.2024;20:38:14;561855;Stacja Paliw XYZ;AB111;OLEJ NAPĘDOWY ;23;5,11;6,29;116,04;593,41;136,48;729,89
23.03.2024;22:00:40;578462;Stacja Paliw XYZ;RR549;OLEJ NAPĘDOWY ;23;5,11;6,29;103,24;527,95;121,43;649,38
23.03.2024;22:37:18;527024;Stacja Paliw XYZ;JJ159;OLEJ NAPĘDOWY ;23;5,11;6,29;89,77;459,07;105,58;564,65
23.03.2024;22:45:06;527024;Stacja Paliw XYZ;WW249;OLEJ NAPĘDOWY ;23;5,11;6,29;103,49;529,23;121,72;650,95
23.03.2024;22:56:01;546348;Stacja Paliw XYZ;II741;OLEJ NAPĘDOWY ;23;5,11;6,29;98,94;505,96;116,37;622,33
23.03.2024;23:10:07;574033;Stacja Paliw XYZ;IJ777;OLEJ NAPĘDOWY ;23;5,11;6,29;115,65;591,41;136,03;727,44
23.03.2024;23:18:32;560136;Stacja Paliw XYZ;IJ777;OLEJ NAPĘDOWY ;23;5,11;6,29;110,49;565,02;129,96;694,98
23.03.2024;23:31:16;612332;Stacja Paliw XYZ;XYZ991;OLEJ NAPĘDOWY ;23;5,11;6,29;108,33;553,98;127,42;681,4
23.03.2024;23:50:27;455500;Stacja Paliw XYZ;CD222;OLEJ NAPĘDOWY ;23;5,11;6,29;115,49;590,59;135,84;726,43
23.03.2024;23:51:14;513188;Stacja Paliw XYZ;ZZ729;OLEJ NAPĘDOWY ;23;5,11;6,29;125,04;639,43;147,07;786,5
24.03.2024;23:49:41;455617;Stacja Paliw XYZ;CD222;OLEJ NAPĘDOWY ;23;5,11;6,29;42,01;214,83;49,41;264,24
24.03.2024;23:50:35;538009;Stacja Paliw XYZ;KL888;OLEJ NAPĘDOWY ;23;5,11;6,29;81;414,22;95,27;509,49
24.03.2024;23:51:32;562054;Stacja Paliw XYZ;AB111;OLEJ NAPĘDOWY ;23;5,11;6,29;63,91;326,82;75,17;401,99
24.03.2024;23:52:25;513420;Stacja Paliw XYZ;ZZ729;OLEJ NAPĘDOWY ;23;5,11;6,29;73,49;375,81;86,44;462,25
24.03.2024;23:53:16;616756;Stacja Paliw XYZ;KK357;OLEJ NAPĘDOWY ;23;5,11;6,29;78,77;402,81;92,65;495,46
24.03.2024;23:54:08;479347;Stacja Paliw XYZ;LL184;OLEJ NAPĘDOWY ;23;5,11;6,29;73;373,31;85,86;459,17
24.03.2024;23:54:57;612640;Stacja Paliw XYZ;XYZ991;OLEJ NAPĘDOWY ;23;5,11;6,29;83;424,45;97,62;522,07
24.03.2024;23:55:46;561550;Stacja Paliw XYZ;WW249;OLEJ NAPĘDOWY ;23;5,11;6,29;93,5;478,15;109,97;588,12
24.03.2024;23:56:35;546581;Stacja Paliw XYZ;II741;OLEJ NAPĘDOWY ;23;5,11;6,29;72,3;369,73;85,04;454,77
24.03.2024;23:57:22;510457;Stacja Paliw XYZ;TT549;OLEJ NAPĘDOWY ;23;5,11;6,29;60;306,83;70,57;377,4
24.03.2024;23:58:13;560464;Stacja Paliw XYZ;IJ777;OLEJ NAPĘDOWY ;23;5,11;6,29;103,3;528,26;121,5;649,76
24.03.2024;23:59:02;574368;Stacja Paliw XYZ;TU551;OLEJ NAPĘDOWY ;23;5,11;6,29;93,2;476,61;109,62;586,23
24.03.2024;23:59:49;537432;Stacja Paliw XYZ;WZ9999;OLEJ NAPĘDOWY ;23;5,11;6,29;111;567,63;130,56;698,19
25.03.2024;15:34:30;561128;Stacja Paliw XYZ;GG963;OLEJ NAPĘDOWY ;23;5,11;6,29;43,74;223,67;51,45;275,12
25.03.2024;15:35:13;523531;Stacja Paliw XYZ;FF369;OLEJ NAPĘDOWY ;23;5,11;6,29;25,28;129,28;29,73;159,01
25.03.2024;15:37:26;379390;Stacja Paliw XYZ;MN101;OLEJ NAPĘDOWY ;23;5,11;6,29;51,92;265,51;61,07;326,58
25.03.2024;16:04:04;478661;Stacja Paliw XYZ;HH852;OLEJ NAPĘDOWY ;23;5,11;6,29;55,34;283;65,09;348,09
25.03.2024;16:04:47;546806;Stacja Paliw XYZ;II741;OLEJ NAPĘDOWY ;23;5,11;6,29;70,79;362,01;83,26;445,27
25.03.2024;16:05:29;637051;Stacja Paliw XYZ;EE258;OLEJ NAPĘDOWY ;23;5,11;6,29;40,35;206,34;47,46;253,8
25.03.2024;16:21:03;617541;Stacja Paliw XYZ;AA123;OLEJ NAPĘDOWY ;23;5,11;6,29;91,31;466,94;107,4;574,34
25.03.2024;16:39:37;393056;Stacja Paliw XYZ;PP549;OLEJ NAPĘDOWY ;23;5,11;6,29;76,67;392,07;90,18;482,25
25.03.2024;17:13:52;567900;Stacja Paliw XYZ;UU254;OLEJ NAPĘDOWY ;23;5,11;6,29;55,47;283,67;65,24;348,91
25.03.2024;21:40:25;479553;Stacja Paliw XYZ;LL184;OLEJ NAPĘDOWY ;23;5,11;6,29;75,38;385,48;88,66;474,14
25.03.2024;21:41:09;455883;Stacja Paliw XYZ;CD222;OLEJ NAPĘDOWY ;23;5,11;6,29;94,33;482,39;110,95;593,34
25.03.2024;21:41:53;549677;Stacja Paliw XYZ;RS4455;OLEJ NAPĘDOWY ;23;5,11;6,29;92,25;471,75;108,5;580,25
25.03.2024;21:43:14;561818;Stacja Paliw XYZ;WW249;OLEJ NAPĘDOWY ;23;5,11;6,29;75,99;388,6;89,38;477,98
25.03.2024;21:43:55;574632;Stacja Paliw XYZ;TU551;OLEJ NAPĘDOWY ;23;5,11;6,29;83,02;424,55;97,65;522,2
25.03.2024;21:44:37;525454;Stacja Paliw XYZ;NN549;OLEJ NAPĘDOWY ;23;5,11;6,29;85,5;437,24;100,56;537,8
25.03.2024;21:45:23;510688;Stacja Paliw XYZ;TT549;OLEJ NAPĘDOWY ;23;5,11;6,29;67,78;346,62;79,72;426,34
25.03.2024;21:46:08;513661;Stacja Paliw XYZ;ZZ729;OLEJ NAPĘDOWY ;23;5,11;6,29;82,36;421,17;96,87;518,04
25.03.2024;21:46:51;562340;Stacja Paliw XYZ;AB111;OLEJ NAPĘDOWY ;23;5,11;6,29;87,28;446,33;102,66;548,99
25.03.2024;21:47:34;476742;Stacja Paliw XYZ;MM549;OLEJ NAPĘDOWY ;23;5,11;6,29;76,63;391,87;90,13;482
25.03.2024;21:56:04;409886;Stacja Paliw XYZ;OO549;OLEJ NAPĘDOWY ;23;5,11;6,29;98,71;504,79;116,1;620,89
25.03.2024;22:44:27;617102;Stacja Paliw XYZ;KK357;OLEJ NAPĘDOWY ;23;5,11;6,29;108,77;556,23;127,93;684,16
25.03.2024;22:58:45;555051;Stacja Paliw XYZ;EF555;OLEJ NAPĘDOWY ;23;5,11;6,29;135,37;692,26;159,22;851,48
25.03.2024;22:59:29;560816;Stacja Paliw XYZ;IJ777;OLEJ NAPĘDOWY ;23;5,11;6,29;109,14;558,12;128,37;686,49
25.03.2024;23:11:13;527397;Stacja Paliw XYZ;JJ159;OLEJ NAPĘDOWY ;23;5,11;6,29;120,1;614,17;141,26;755,43
25.03.2024;23:12:02;612997;Stacja Paliw XYZ;XYZ991;OLEJ NAPĘDOWY ;23;5,11;6,29;105,19;537,93;123,72;661,65
25.03.2024;23:20:56;541617;Stacja Paliw XYZ;DD147;OLEJ NAPĘDOWY ;23;5,11;6,29;147,97;756,69;174,04;930,73
25.03.2024;23:39:48;509708;Stacja Paliw XYZ;OP226;OLEJ NAPĘDOWY ;23;5,11;6,29;157,95;807,73;185,78;993,51
25.03.2024;23:40:29;538303;Stacja Paliw XYZ;KL888;OLEJ NAPĘDOWY ;23;5,11;6,29;106,57;544,98;125,35;670,33
25.03.2024;23:41:10;590652;Stacja Paliw XYZ;BB456;OLEJ NAPĘDOWY ;23;5,11;6,29;133,17;681,01;156,63;837,64
25.03.2024;23:41:55;537818;Stacja Paliw XYZ;WZ9999;OLEJ NAPĘDOWY ;23;5,11;6,29;123,79;633,04;145,6;778,64
25.03.2024;23:59:11;510245;Stacja Paliw XYZ;SS846;OLEJ NAPĘDOWY ;23;5,11;6,29;131,89;674,46;155,13;829,59
25.03.2024;23:59:57;578720;Stacja Paliw XYZ;RR549;OLEJ NAPĘDOWY ;23;5,11;6,29;77,12;394,37;90,71;485,08
26.03.2024;08:52:00;640641;Stacja Paliw XYZ;FFF010;BENZYNA PB95.;23;5,11;6,29;34,53;176,58;40,61;217,19
26.03.2024;15:26:52;379598;Stacja Paliw XYZ;MN101;OLEJ NAPĘDOWY ;23;5,11;6,28;57,13;291,69;67,09;358,78
26.03.2024;15:32:47;561237;Stacja Paliw XYZ;GG963;OLEJ NAPĘDOWY ;23;5,11;6,28;31,04;158,48;36,45;194,93
26.03.2024;15:33:28;523598;Stacja Paliw XYZ;FF369;OLEJ NAPĘDOWY ;23;5,11;6,28;20,95;106,97;24,6;131,57
26.03.2024;15:55:55;478837;Stacja Paliw XYZ;HH852;OLEJ NAPĘDOWY ;23;5,11;6,28;53,7;274,18;63,06;337,24
26.03.2024;16:06:16;637183;Stacja Paliw XYZ;EE258;OLEJ NAPĘDOWY ;23;5,11;6,28;48,36;246,91;56,79;303,7
26.03.2024;16:06:57;547033;Stacja Paliw XYZ;II741;OLEJ NAPĘDOWY ;23;5,11;6,28;68,14;347,9;80,02;427,92
26.03.2024;16:17:04;396282;Stacja Paliw XYZ;PP549;OLEJ NAPĘDOWY ;23;5,11;6,28;75,84;387,22;89,06;476,28
26.03.2024;16:49:32;479770;Stacja Paliw XYZ;LL184;OLEJ NAPĘDOWY ;23;5,11;6,28;66,24;338,2;77,79;415,99
26.03.2024;17:04:36;566745;Stacja Paliw XYZ;GH666;OLEJ NAPĘDOWY ;23;5,11;6,28;17,93;91,54;21,06;112,6
26.03.2024;17:05:17;567997;Stacja Paliw XYZ;UU254;OLEJ NAPĘDOWY ;23;5,11;6,28;36,68;187,28;43,07;230,35
26.03.2024;17:06:00;525635;Stacja Paliw XYZ;NN549;OLEJ NAPĘDOWY ;23;5,11;6,28;50,71;258,91;59,55;318,46
26.03.2024;17:44:39;410178;Stacja Paliw XYZ;OO549;OLEJ NAPĘDOWY ;23;5,11;6,28;95,4;487,08;112,03;599,11
26.03.2024;17:45:27;456148;Stacja Paliw XYZ;CD222;OLEJ NAPĘDOWY ;23;5,11;6,28;90,66;462,88;106,46;569,34
26.03.2024;17:46:13;717827;Stacja Paliw XYZ;AA123;OLEJ NAPĘDOWY ;23;5,11;6,28;97,37;497,14;114,34;611,48
26.03.2024;17:46:54;562087;Stacja Paliw XYZ;WW249;OLEJ NAPĘDOWY ;23;5,11;6,28;74,48;380,27;87,46;467,73
26.03.2024;17:47:36;578968;Stacja Paliw XYZ;RR549;OLEJ NAPĘDOWY ;23;5,11;6,28;70,78;361,38;83,12;444,5
26.03.2024;17:48:19;549954;Stacja Paliw XYZ;RS4455;OLEJ NAPĘDOWY ;23;5,11;6,28;93,06;475,14;109,28;584,42
26.03.2024;18:12:29;574898;Stacja Paliw XYZ;TU551;OLEJ NAPĘDOWY ;23;5,11;6,28;78,71;401,87;92,43;494,3
26.03.2024;18:45:28;510926;Stacja Paliw XYZ;TT549;OLEJ NAPĘDOWY ;23;5,11;6,28;69,36;354,13;81,45;435,58
26.03.2024;18:54:45;513901;Stacja Paliw XYZ;ZZ729;OLEJ NAPĘDOWY ;23;5,11;6,28;80,52;411,11;94,56;505,67
26.03.2024;19:10:19;562622;Stacja Paliw XYZ;AB111;OLEJ NAPĘDOWY ;23;5,11;6,28;89,01;454,46;104,52;558,98
26.03.2024;19:19:03;476974;Stacja Paliw XYZ;MM549;OLEJ NAPĘDOWY ;23;5,11;6,28;74,89;382,37;87,94;470,31
26.03.2024;22:41:39;541961;Stacja Paliw XYZ;DD147;OLEJ NAPĘDOWY ;23;5,11;6,28;112,98;576,84;132,67;709,51
26.03.2024;22:55:06;555438;Stacja Paliw XYZ;EF555;OLEJ NAPĘDOWY ;23;5,11;6,28;131,62;672,01;154,56;826,57
26.03.2024;23:03:57;541961;Stacja Paliw XYZ;BB456;OLEJ NAPĘDOWY ;23;5,11;6,28;118,39;604,46;139,03;743,49
26.03.2024;23:05:01;561168;Stacja Paliw XYZ;IJ777;OLEJ NAPĘDOWY ;23;5,11;6,28;105,93;540,85;124,39;665,24
26.03.2024;23:13:16;617464;Stacja Paliw XYZ;KK357;OLEJ NAPĘDOWY ;23;5,11;6,28;113,52;579,6;133,31;712,91
26.03.2024;23:24:48;613430;Stacja Paliw XYZ;XYZ991;OLEJ NAPĘDOWY ;23;5,11;6,28;126,49;645,82;148,54;794,36
26.03.2024;23:41:32;510138;Stacja Paliw XYZ;OP226;OLEJ NAPĘDOWY ;23;5,11;6,28;151,06;771,27;177,39;948,66
26.03.2024;23:42:21;538574;Stacja Paliw XYZ;KL888;OLEJ NAPĘDOWY ;23;5,11;6,28;91,71;468,24;107,7;575,94
26.03.2024;23:43:08;527768;Stacja Paliw XYZ;JJ159;OLEJ NAPĘDOWY ;23;5,11;6,28;125,26;639,54;147,09;786,63
26.03.2024;23:43:53;538213;Stacja Paliw XYZ;WZ9999;OLEJ NAPĘDOWY ;23;5,11;6,28;121,47;620,19;142,64;762,83
26.03.2024;23:58:21;510664;Stacja Paliw XYZ;SS846;OLEJ NAPĘDOWY ;23;5,11;6,28;123,41;630,09;144,92;775,01
26.03.2024;23:59:14;550110;Stacja Paliw XYZ;RS4455;OLEJ NAPĘDOWY ;23;5,11;6,28;46,27;236,24;54,34;290,58
27.03.2024;15:18:15;568112;Stacja Paliw XYZ;UU254;OLEJ NAPĘDOWY ;23;5,09;6,26;36,78;187,19;43,05;230,24
27.03.2024;15:26:22;379795;Stacja Paliw XYZ;MN101;OLEJ NAPĘDOWY ;23;5,09;6,26;47,75;243,02;55,9;298,92
27.03.2024;15:36:29;561364;Stacja Paliw XYZ;GG963;OLEJ NAPĘDOWY ;23;5,09;6,26;36,39;185,2;42,6;227,8
27.03.2024;15:37:15;523636;Stacja Paliw XYZ;FF369;OLEJ NAPĘDOWY ;23;5,09;6,26;14,69;74,76;17,2;91,96
27.03.2024;15:53:17;479027;Stacja Paliw XYZ;HH852;OLEJ NAPĘDOWY ;23;5,09;6,26;58,06;295,5;67,96;363,46
27.03.2024;16:07:13;547260;Stacja Paliw XYZ;II741;OLEJ NAPĘDOWY ;23;5,09;6,26;67,16;341,8;78,62;420,42
27.03.2024;16:07:57;637301;Stacja Paliw XYZ;EE258;OLEJ NAPĘDOWY ;23;5,09;6,26;41,39;210,65;48,45;259,1
27.03.2024;16:18:05;566850;Stacja Paliw XYZ;GH666;OLEJ NAPĘDOWY ;23;5,09;6,26;32,43;165,05;37,96;203,01
27.03.2024;16:46:09;479977;Stacja Paliw XYZ;LL184;OLEJ NAPĘDOWY ;23;5,09;6,26;61,5;313;71,99;384,99
